特性名,效果,图标文件,本地URL,远程URL,来源精灵,详情页
“国王”的威严,鸭吉吉国王的种族资质大幅增加，能耗为1的技能威力+50%。,国王_的威严.png,/ability-icons/%E5%9B%BD%E7%8E%8B_%E7%9A%84%E5%A8%81%E4%B8%A5.png,https://patchwiki.biligame.com/images/rocom/1/15/afktcirqrmsxhojpimkoj0bd8ljaeyv.png,鸭吉吉国王,https://wiki.biligame.com/rocom/%E9%B8%AD%E5%90%89%E5%90%89%E5%9B%BD%E7%8E%8B
三鼓作气,使用能耗为3的技能时，获得攻防永久+20%。,三鼓作气.png,/ability-icons/%E4%B8%89%E9%BC%93%E4%BD%9C%E6%B0%94.png,https://patchwiki.biligame.com/images/rocom/9/98/q3gug447le0776jvexbge62tauua76i.png,奇梦咪,https://wiki.biligame.com/rocom/%E5%A5%87%E6%A2%A6%E5%92%AA
下黑手,敌方精灵离场后，更换入场的精灵获得5层中毒。,下黑手.png,/ability-icons/%E4%B8%8B%E9%BB%91%E6%89%8B.png,https://patchwiki.biligame.com/images/rocom/6/6f/hltlfz836l4ad9je7tuwjtz2gtxt38j.png,忽幽狸|影狸,https://wiki.biligame.com/rocom/%E5%BF%BD%E5%B9%BD%E7%8B%B8|https://wiki.biligame.com/rocom/%E5%BD%B1%E7%8B%B8
不朽,力竭3回合后复活。,不朽.png,/ability-icons/%E4%B8%8D%E6%9C%BD.png,https://patchwiki.biligame.com/images/rocom/e/ec/1j0s7qcqzmoqyuv2e70cgq6ma1rjngn.png,大头骨龙|寂灭骨龙,https://wiki.biligame.com/rocom/%E5%A4%A7%E5%A4%B4%E9%AA%A8%E9%BE%99|https://wiki.biligame.com/rocom/%E5%AF%82%E7%81%AD%E9%AA%A8%E9%BE%99
不移,携带的无额外效果的攻击技能，威力+30%。,不移.png,/ability-icons/%E4%B8%8D%E7%A7%BB.png,https://patchwiki.biligame.com/images/rocom/d/db/qovtknnqvl6n3w4bxsiqgllcyh1w55r.png,记忆石,https://wiki.biligame.com/rocom/%E8%AE%B0%E5%BF%86%E7%9F%B3
专注力,入场首回合，获得物攻+100%。,专注力.png,/ability-icons/%E4%B8%93%E6%B3%A8%E5%8A%9B.png,https://patchwiki.biligame.com/images/rocom/2/23/o9niybauztbj5qjvsanz123hg8xqz0d.png,护主犬|音速犬,https://wiki.biligame.com/rocom/%E6%8A%A4%E4%B8%BB%E7%8A%AC|https://wiki.biligame.com/rocom/%E9%9F%B3%E9%80%9F%E7%8A%AC
乘风连击,使用翼系技能后，获得连击数+1。,乘风连击.png,/ability-icons/%E4%B9%98%E9%A3%8E%E8%BF%9E%E5%87%BB.png,https://patchwiki.biligame.com/images/rocom/a/a4/cyu5rqqakudxby5r44wlttr0yttshot.png,小狮鹫（崖间地的样子）|小狮鹫（高山地的样子）|神圣狮鹫（崖间地的样子）|神圣狮鹫（高山地的样子）,https://wiki.biligame.com/rocom/%E5%B0%8F%E7%8B%AE%E9%B9%AB%EF%BC%88%E5%B4%96%E9%97%B4%E5%9C%B0%E7%9A%84%E6%A0%B7%E5%AD%90%EF%BC%89|https://wiki.biligame.com/rocom/%E5%B0%8F%E7%8B%AE%E9%B9%AB%EF%BC%88%E9%AB%98%E5%B1%B1%E5%9C%B0%E7%9A%84%E6%A0%B7%E5%AD%90%EF%BC%89|https://wiki.biligame.com/rocom/%E7%A5%9E%E5%9C%A3%E7%8B%AE%E9%B9%AB%EF%BC%88%E5%B4%96%E9%97%B4%E5%9C%B0%E7%9A%84%E6%A0%B7%E5%AD%90%EF%BC%89|https://wiki.biligame.com/rocom/%E7%A5%9E%E5%9C%A3%E7%8B%AE%E9%B9%AB%EF%BC%88%E9%AB%98%E5%B1%B1%E5%9C%B0%E7%9A%84%E6%A0%B7%E5%AD%90%EF%BC%89
仁心,敌方受到灼烧伤害时，自己回复等量生命。,仁心.png,/ability-icons/%E4%BB%81%E5%BF%83.png,https://patchwiki.biligame.com/images/rocom/5/5c/9gw51drq0gr00tpgw6qu7xpdm9t0fdi.png,治愈兔|红丝绒|红绒十字,https://wiki.biligame.com/rocom/%E6%B2%BB%E6%84%88%E5%85%94|https://wiki.biligame.com/rocom/%E7%BA%A2%E4%B8%9D%E7%BB%92|https://wiki.biligame.com/rocom/%E7%BA%A2%E7%BB%92%E5%8D%81%E5%AD%97
付给恶魔的赎价,击败敌方精灵时，敌方额外损失1点魔力。被敌方精灵击败时，自己额外损失1点魔力。,付给恶魔的赎价.png,/ability-icons/%E4%BB%98%E7%BB%99%E6%81%B6%E9%AD%94%E7%9A%84%E8%B5%8E%E4%BB%B7.png,https://patchwiki.biligame.com/images/rocom/0/00/mxdk7xez4d5r6ri997nqo3a1qu7byob.png,小帕尔|帕尔萨斯|龙息帕尔,https://wiki.biligame.com/rocom/%E5%B0%8F%E5%B8%95%E5%B0%94|https://wiki.biligame.com/rocom/%E5%B8%95%E5%B0%94%E8%90%A8%E6%96%AF|https://wiki.biligame.com/rocom/%E9%BE%99%E6%81%AF%E5%B8%95%E5%B0%94
侵蚀,敌方每有1层中毒效果，自己获得连击数+1。,侵蚀.png,/ability-icons/%E4%BE%B5%E8%9A%80.png,https://patchwiki.biligame.com/images/rocom/a/a7/t1dbb7t1wvy2039nuh89p49y8r2mx02.png,厉毒小萝|厉毒修萝,https://wiki.biligame.com/rocom/%E5%8E%89%E6%AF%92%E5%B0%8F%E8%90%9D|https://wiki.biligame.com/rocom/%E5%8E%89%E6%AF%92%E4%BF%AE%E8%90%9D
保卫,防御技能应对2次后，回满状态，变为棋绮后。,保卫.png,/ability-icons/%E4%BF%9D%E5%8D%AB.png,https://patchwiki.biligame.com/images/rocom/b/b2/i9tossg8hvcomvxidu7340905nqypyj.png,棋齐垒（白子）|棋齐垒（黑子）,https://wiki.biligame.com/rocom/%E6%A3%8B%E9%BD%90%E5%9E%92%EF%BC%88%E7%99%BD%E5%AD%90%EF%BC%89|https://wiki.biligame.com/rocom/%E6%A3%8B%E9%BD%90%E5%9E%92%EF%BC%88%E9%BB%91%E5%AD%90%EF%BC%89
保守派,总技能能耗小于4时，自己获得双防+80%。,保守派.png,/ability-icons/%E4%BF%9D%E5%AE%88%E6%B4%BE.png,https://patchwiki.biligame.com/images/rocom/7/71/aq9ixywtau29ohlv3js5d26jg950sux.png,小鼠獭|燕尾獭|卷胡巨獭,https://wiki.biligame.com/rocom/%E5%B0%8F%E9%BC%A0%E7%8D%AD|https://wiki.biligame.com/rocom/%E7%87%95%E5%B0%BE%E7%8D%AD|https://wiki.biligame.com/rocom/%E5%8D%B7%E8%83%A1%E5%B7%A8%E7%8D%AD
倾轧,携带的技能受能耗变化效果的影响翻倍。,倾轧.png,/ability-icons/%E5%80%BE%E8%BD%A7.png,https://patchwiki.biligame.com/images/rocom/2/2d/ah8kbtblc02xkayqz7ix5e67pr8tmzy.png,深蓝鲸,https://wiki.biligame.com/rocom/%E6%B7%B1%E8%93%9D%E9%B2%B8
偏振,受到自己携带技能系别的攻击伤害-40%。,偏振.png,/ability-icons/%E5%81%8F%E6%8C%AF.png,https://patchwiki.biligame.com/images/rocom/5/57/b7m5km38efo4bka6bztu66730sm3rcu.png,矿晶虫|晶石蜗（西瓜碧玺的样子）|晶石蜗（莲花刚玉的样子）|晶石蜗（星彩榴石的样子）,https://wiki.biligame.com/rocom/%E7%9F%BF%E6%99%B6%E8%99%AB|https://wiki.biligame.com/rocom/%E6%99%B6%E7%9F%B3%E8%9C%97%EF%BC%88%E8%A5%BF%E7%93%9C%E7%A2%A7%E7%8E%BA%E7%9A%84%E6%A0%B7%E5%AD%90%EF%BC%89|https://wiki.biligame.com/rocom/%E6%99%B6%E7%9F%B3%E8%9C%97%EF%BC%88%E8%8E%B2%E8%8A%B1%E5%88%9A%E7%8E%89%E7%9A%84%E6%A0%B7%E5%AD%90%EF%BC%89|https://wiki.biligame.com/rocom/%E6%99%B6%E7%9F%B3%E8%9C%97%EF%BC%88%E6%98%9F%E5%BD%A9%E6%A6%B4%E7%9F%B3%E7%9A%84%E6%A0%B7%E5%AD%90%EF%BC%89
做噩梦,敌方精灵离场后，更换入场的精灵失去3能量。,做噩梦.png,/ability-icons/%E5%81%9A%E5%99%A9%E6%A2%A6.png,https://patchwiki.biligame.com/images/rocom/d/df/8xsv3jjilloagf9vibjfss4011n54ui.png,梦游（穿星星睡衣的样子）|梦游（穿旧睡衣的样子）|梦悠悠（穿星星睡衣的样子）|梦悠悠（穿旧睡衣的样子）,https://wiki.biligame.com/rocom/%E6%A2%A6%E6%B8%B8%EF%BC%88%E7%A9%BF%E6%98%9F%E6%98%9F%E7%9D%A1%E8%A1%A3%E7%9A%84%E6%A0%B7%E5%AD%90%EF%BC%89|https://wiki.biligame.com/rocom/%E6%A2%A6%E6%B8%B8%EF%BC%88%E7%A9%BF%E6%97%A7%E7%9D%A1%E8%A1%A3%E7%9A%84%E6%A0%B7%E5%AD%90%EF%BC%89|https://wiki.biligame.com/rocom/%E6%A2%A6%E6%82%A0%E6%82%A0%EF%BC%88%E7%A9%BF%E6%98%9F%E6%98%9F%E7%9D%A1%E8%A1%A3%E7%9A%84%E6%A0%B7%E5%AD%90%EF%BC%89|https://wiki.biligame.com/rocom/%E6%A2%A6%E6%82%A0%E6%82%A0%EF%BC%88%E7%A9%BF%E6%97%A7%E7%9D%A1%E8%A1%A3%E7%9A%84%E6%A0%B7%E5%AD%90%EF%BC%89
全神贯注,入场时，获得物攻+100%，每次行动后-20%。,全神贯注.png,/ability-icons/%E5%85%A8%E7%A5%9E%E8%B4%AF%E6%B3%A8.png,https://patchwiki.biligame.com/images/rocom/6/63/o9niybauztbj5qjvsanz123hg8xqz0d.png,风暴战犬,https://wiki.biligame.com/rocom/%E9%A3%8E%E6%9A%B4%E6%88%98%E7%8A%AC
共鸣,携带的【虫鸣】技能威力+20。,共鸣.png,/ability-icons/%E5%85%B1%E9%B8%A3.png,https://patchwiki.biligame.com/images/rocom/0/08/i9dj7lzfoegm3644s1ymtsmqkhv9zzn.png,旋叶虫（金黄的样子）|旋叶虫（枯叶的样子）|蓬叶虫（金黄的样子）|蓬叶虫（枯叶的样子）,https://wiki.biligame.com/rocom/%E6%97%8B%E5%8F%B6%E8%99%AB%EF%BC%88%E9%87%91%E9%BB%84%E7%9A%84%E6%A0%B7%E5%AD%90%EF%BC%89|https://wiki.biligame.com/rocom/%E6%97%8B%E5%8F%B6%E8%99%AB%EF%BC%88%E6%9E%AF%E5%8F%B6%E7%9A%84%E6%A0%B7%E5%AD%90%EF%BC%89|https://wiki.biligame.com/rocom/%E8%93%AC%E5%8F%B6%E8%99%AB%EF%BC%88%E9%87%91%E9%BB%84%E7%9A%84%E6%A0%B7%E5%AD%90%EF%BC%89|https://wiki.biligame.com/rocom/%E8%93%AC%E5%8F%B6%E8%99%AB%EF%BC%88%E6%9E%AF%E5%8F%B6%E7%9A%84%E6%A0%B7%E5%AD%90%EF%BC%89
养分内循环,回合结束时，回复6能量。,养分内循环.png,/ability-icons/%E5%85%BB%E5%88%86%E5%86%85%E5%BE%AA%E7%8E%AF.png,https://patchwiki.biligame.com/images/rocom/6/60/0g00rrq2l4mclh961rilvesy17bz473.png,奇丽果,https://wiki.biligame.com/rocom/%E5%A5%87%E4%B8%BD%E6%9E%9C
养分重吸收,回合结束时，回复3能量。,养分重吸收.png,/ability-icons/%E5%85%BB%E5%88%86%E9%87%8D%E5%90%B8%E6%94%B6.png,https://patchwiki.biligame.com/images/rocom/d/d2/0g00rrq2l4mclh961rilvesy17bz473.png,奇丽草|奇丽叶|奇丽花,https://wiki.biligame.com/rocom/%E5%A5%87%E4%B8%BD%E8%8D%89|https://wiki.biligame.com/rocom/%E5%A5%87%E4%B8%BD%E5%8F%B6|https://wiki.biligame.com/rocom/%E5%A5%87%E4%B8%BD%E8%8A%B1
冰封,在场时，敌方全技能能耗+1。,冰封.png,/ability-icons/%E5%86%B0%E5%B0%81.png,https://patchwiki.biligame.com/images/rocom/4/43/8k2ikdmz7tkg80jiejvkfk54qhv16qd.png,冰封怨灵|雪娃娃|雪灵,https://wiki.biligame.com/rocom/%E5%86%B0%E5%B0%81%E6%80%A8%E7%81%B5|https://wiki.biligame.com/rocom/%E9%9B%AA%E5%A8%83%E5%A8%83|https://wiki.biligame.com/rocom/%E9%9B%AA%E7%81%B5
冰钻,敌方携带技能总能耗每有1点，自己攻击时威力+10%。,冰钻.png,/ability-icons/%E5%86%B0%E9%92%BB.png,https://patchwiki.biligame.com/images/rocom/7/76/odln4oxozen0b144f69exc37t00jfh0.png,布鲁斯|冰钻布鲁斯|雪顶布鲁斯,https://wiki.biligame.com/rocom/%E5%B8%83%E9%B2%81%E6%96%AF|https://wiki.biligame.com/rocom/%E5%86%B0%E9%92%BB%E5%B8%83%E9%B2%81%E6%96%AF|https://wiki.biligame.com/rocom/%E9%9B%AA%E9%A1%B6%E5%B8%83%E9%B2%81%E6%96%AF
冻土,每携带1个冰系技能进入战斗，地系技能威力+10%。,冻土.png,/ability-icons/%E5%86%BB%E5%9C%9F.png,https://patchwiki.biligame.com/images/rocom/3/34/sl16z4agj6gofa7rwhxj6047eln22h2.png,呼呼猪|獠牙猪,https://wiki.biligame.com/rocom/%E5%91%BC%E5%91%BC%E7%8C%AA|https://wiki.biligame.com/rocom/%E7%8D%A0%E7%89%99%E7%8C%AA
刺肤,每受到1次攻击，对攻击自己的精灵造成50威力物理伤害。,刺肤.png,/ability-icons/%E5%88%BA%E8%82%A4.png,https://patchwiki.biligame.com/images/rocom/d/d3/6q9rng23s3xw4z49k2ithxrlpgza8nb.png,石肤蜥（本来的样子）|石肤蜥（球球尾巴的样子）|石刺蜥（本来的样子）|石刺蜥（球球尾巴的样子）,https://wiki.biligame.com/rocom/%E7%9F%B3%E8%82%A4%E8%9C%A5%EF%BC%88%E6%9C%AC%E6%9D%A5%E7%9A%84%E6%A0%B7%E5%AD%90%EF%BC%89|https://wiki.biligame.com/rocom/%E7%9F%B3%E8%82%A4%E8%9C%A5%EF%BC%88%E7%90%83%E7%90%83%E5%B0%BE%E5%B7%B4%E7%9A%84%E6%A0%B7%E5%AD%90%EF%BC%89|https://wiki.biligame.com/rocom/%E7%9F%B3%E5%88%BA%E8%9C%A5%EF%BC%88%E6%9C%AC%E6%9D%A5%E7%9A%84%E6%A0%B7%E5%AD%90%EF%BC%89|https://wiki.biligame.com/rocom/%E7%9F%B3%E5%88%BA%E8%9C%A5%EF%BC%88%E7%90%83%E7%90%83%E5%B0%BE%E5%B7%B4%E7%9A%84%E6%A0%B7%E5%AD%90%EF%BC%89
加个雪球,使敌方获得冻结时，也会使其获得2层冻结。,加个雪球.png,/ability-icons/%E5%8A%A0%E4%B8%AA%E9%9B%AA%E7%90%83.png,https://patchwiki.biligame.com/images/rocom/7/7a/2kexwk98ingow74fesaq3bou68rs2uz.png,脆筒甜甜|香草甜甜|香草甜甜（杨桃饰品）|香草甜甜（蓝莓饰品）,https://wiki.biligame.com/rocom/%E8%84%86%E7%AD%92%E7%94%9C%E7%94%9C|https://wiki.biligame.com/rocom/%E9%A6%99%E8%8D%89%E7%94%9C%E7%94%9C|https://wiki.biligame.com/rocom/%E9%A6%99%E8%8D%89%E7%94%9C%E7%94%9C%EF%BC%88%E6%9D%A8%E6%A1%83%E9%A5%B0%E5%93%81%EF%BC%89|https://wiki.biligame.com/rocom/%E9%A6%99%E8%8D%89%E7%94%9C%E7%94%9C%EF%BC%88%E8%93%9D%E8%8E%93%E9%A5%B0%E5%93%81%EF%BC%89
助燃,使用火系技能后，获得双攻+20%。,助燃.png,/ability-icons/%E5%8A%A9%E7%87%83.png,https://patchwiki.biligame.com/images/rocom/e/ec/6zgbtpjc9gg8cxqz7rl0ytu07a80afn.png,火花|焰火|火神,https://wiki.biligame.com/rocom/%E7%81%AB%E8%8A%B1|https://wiki.biligame.com/rocom/%E7%84%B0%E7%81%AB|https://wiki.biligame.com/rocom/%E7%81%AB%E7%A5%9E
勇敢,携带的能耗大于3的技能，威力+40%。,勇敢.png,/ability-icons/%E5%8B%87%E6%95%A2.png,https://patchwiki.biligame.com/images/rocom/2/29/5zgh93w813nm5qmpx7buaydr9vn1zoh.png,蒲公英|蒲公英娃娃,https://wiki.biligame.com/rocom/%E8%92%B2%E5%85%AC%E8%8B%B1|https://wiki.biligame.com/rocom/%E8%92%B2%E5%85%AC%E8%8B%B1%E5%A8%83%E5%A8%83
化茧,受到致命伤害时，获得1层萌化，并免疫此次伤害。,化茧.png,/ability-icons/%E5%8C%96%E8%8C%A7.png,https://patchwiki.biligame.com/images/rocom/d/da/ldfonhaz9cmjhqpgourdzg89yhfui53.png,毛毛|爬爬|化蝶（平常的样子）|化蝶（幽冥眼的样子）,https://wiki.biligame.com/rocom/%E6%AF%9B%E6%AF%9B|https://wiki.biligame.com/rocom/%E7%88%AC%E7%88%AC|https://wiki.biligame.com/rocom/%E5%8C%96%E8%9D%B6%EF%BC%88%E5%B9%B3%E5%B8%B8%E7%9A%84%E6%A0%B7%E5%AD%90%EF%BC%89|https://wiki.biligame.com/rocom/%E5%8C%96%E8%9D%B6%EF%BC%88%E5%B9%BD%E5%86%A5%E7%9C%BC%E7%9A%84%E6%A0%B7%E5%AD%90%EF%BC%89
双向光速,在场时，所有回合结束时触发，触发次数+1。,双向光速.png,/ability-icons/%E5%8F%8C%E5%90%91%E5%85%89%E9%80%9F.png,https://patchwiki.biligame.com/images/rocom/9/94/3o132fi9lrdvfpk2nqpo9hdl1twtz7h.png,粉星仔|粉耳星兔,https://wiki.biligame.com/rocom/%E7%B2%89%E6%98%9F%E4%BB%94|https://wiki.biligame.com/rocom/%E7%B2%89%E8%80%B3%E6%98%9F%E5%85%94
变形活画,攻击时，敌方每有1层增益，本次技能威力+10%。,变形活画.png,/ability-icons/%E5%8F%98%E5%BD%A2%E6%B4%BB%E7%94%BB.png,https://patchwiki.biligame.com/images/rocom/8/81/5ul6q493tr4letf18l53qcebmgtrfeb.png,画间沉铁兽,https://wiki.biligame.com/rocom/%E7%94%BB%E9%97%B4%E6%B2%89%E9%93%81%E5%85%BD
吉利丁片,离场后，更换入场的精灵获得双防+20%且免疫冻结。,吉利丁片.png,/ability-icons/%E5%90%89%E5%88%A9%E4%B8%81%E7%89%87.png,https://patchwiki.biligame.com/images/rocom/3/36/onvv5h06bevh69pgmbotxxvzbykm6va.png,椰浆布丁,https://wiki.biligame.com/rocom/%E6%A4%B0%E6%B5%86%E5%B8%83%E4%B8%81
向心力,1号位和2号位技能获得传动1和威力+30。,向心力.png,/ability-icons/%E5%90%91%E5%BF%83%E5%8A%9B.png,https://patchwiki.biligame.com/images/rocom/b/b6/n9fj45dehlcow5zb0ru4ev6gbwcjgyh.png,缇塔|声波缇塔,https://wiki.biligame.com/rocom/%E7%BC%87%E5%A1%94|https://wiki.biligame.com/rocom/%E5%A3%B0%E6%B3%A2%E7%BC%87%E5%A1%94
吟游之弦,赋予的印记不会替换其他印记，而是同时生效。,吟游之弦.png,/ability-icons/%E5%90%9F%E6%B8%B8%E4%B9%8B%E5%BC%A6.png,https://patchwiki.biligame.com/images/rocom/4/49/8pzr9yv99kj2ps0lu4knt7ad74a4yxw.png,里拉鳐,https://wiki.biligame.com/rocom/%E9%87%8C%E6%8B%89%E9%B3%90
吸积盘,回合结束时，敌方获得2层星陨印记。,吸积盘.png,/ability-icons/%E5%90%B8%E7%A7%AF%E7%9B%98.png,https://patchwiki.biligame.com/images/rocom/f/f3/s7e3nk1k0ftxv5gxn9m9zcoapn9iz5v.png,哭哭菇|怖须菇|怖哭菇,https://wiki.biligame.com/rocom/%E5%93%AD%E5%93%AD%E8%8F%87|https://wiki.biligame.com/rocom/%E6%80%96%E9%A1%BB%E8%8F%87|https://wiki.biligame.com/rocom/%E6%80%96%E5%93%AD%E8%8F%87
咔咔冲刺,若先于敌方行动，行动后获得连击数+1。,咔咔冲刺.png,/ability-icons/%E5%92%94%E5%92%94%E5%86%B2%E5%88%BA.png,https://patchwiki.biligame.com/images/rocom/3/37/opwiei2zgg0q0sg49g8xqit7yjsdqal.png,咔咔羽毛|咔咔雀|咔咔鸟,https://wiki.biligame.com/rocom/%E5%92%94%E5%92%94%E7%BE%BD%E6%AF%9B|https://wiki.biligame.com/rocom/%E5%92%94%E5%92%94%E9%9B%80|https://wiki.biligame.com/rocom/%E5%92%94%E5%92%94%E9%B8%9F
哨兵,回合开始时若敌方技能足够击败自己，自己获得速度+50，行动后脱离。,哨兵.png,/ability-icons/%E5%93%A8%E5%85%B5.png,https://patchwiki.biligame.com/images/rocom/5/51/gga1442akfsw0564qz0h7n6jzhdtyiv.png,优优|绒光优优,https://wiki.biligame.com/rocom/%E4%BC%98%E4%BC%98|https://wiki.biligame.com/rocom/%E7%BB%92%E5%85%89%E4%BC%98%E4%BC%98
囤积,每有1能量，获得双防+10%。,囤积.png,/ability-icons/%E5%9B%A4%E7%A7%AF.png,https://patchwiki.biligame.com/images/rocom/4/42/jqkohwwvxo3wu1icu43f3q4cdtufan7.png,绿耳松鼠|蹦床松鼠|抱枕松鼠,https://wiki.biligame.com/rocom/%E7%BB%BF%E8%80%B3%E6%9D%BE%E9%BC%A0|https://wiki.biligame.com/rocom/%E8%B9%A6%E5%BA%8A%E6%9D%BE%E9%BC%A0|https://wiki.biligame.com/rocom/%E6%8A%B1%E6%9E%95%E6%9D%BE%E9%BC%A0
图书守卫者,入场时，若自己魔力值为1，自己获得双攻+50%。,图书守卫者.png,/ability-icons/%E5%9B%BE%E4%B9%A6%E5%AE%88%E5%8D%AB%E8%80%85.png,https://patchwiki.biligame.com/images/rocom/5/54/o3mwxd2l7nxxxcooh6s7h810tevcmu0.png,书魔虫|书卷守护|古卷执政官,https://wiki.biligame.com/rocom/%E4%B9%A6%E9%AD%94%E8%99%AB|https://wiki.biligame.com/rocom/%E4%B9%A6%E5%8D%B7%E5%AE%88%E6%8A%A4|https://wiki.biligame.com/rocom/%E5%8F%A4%E5%8D%B7%E6%89%A7%E6%94%BF%E5%AE%98
圣火骑士,应对成功后，下次攻击威力翻倍。,圣火骑士.png,/ability-icons/%E5%9C%A3%E7%81%AB%E9%AA%91%E5%A3%AB.png,https://patchwiki.biligame.com/images/rocom/d/d5/kh245nlh1a5wms5kv3g5woj9ys818w6.png,小勇狮|炽焰狮|炽心勇狮,https://wiki.biligame.com/rocom/%E5%B0%8F%E5%8B%87%E7%8B%AE|https://wiki.biligame.com/rocom/%E7%82%BD%E7%84%B0%E7%8B%AE|https://wiki.biligame.com/rocom/%E7%82%BD%E5%BF%83%E5%8B%87%E7%8B%AE
地脉,初始能量为0，入场前己方精灵每放1次地系技能，回复3能量。,地脉.png,/ability-icons/%E5%9C%B0%E8%84%89.png,https://patchwiki.biligame.com/images/rocom/f/fa/4rkjvqo8dfqjvdlbehp2h1hikowf4zi.png,布是石|布是岩|布克棱岩,https://wiki.biligame.com/rocom/%E5%B8%83%E6%98%AF%E7%9F%B3|https://wiki.biligame.com/rocom/%E5%B8%83%E6%98%AF%E5%B2%A9|https://wiki.biligame.com/rocom/%E5%B8%83%E5%85%8B%E6%A3%B1%E5%B2%A9
坚韧铠甲,每受到1次攻击伤害，己方队伍获得1次随机奉献。,坚韧铠甲.png,/ability-icons/%E5%9D%9A%E9%9F%A7%E9%93%A0%E7%94%B2.png,https://patchwiki.biligame.com/images/rocom/1/1c/czrn8vi2uxnclvvxbi1v7apna3cfg32.png,小甲虫|铠甲虫,https://wiki.biligame.com/rocom/%E5%B0%8F%E7%94%B2%E8%99%AB|https://wiki.biligame.com/rocom/%E9%93%A0%E7%94%B2%E8%99%AB
坠星,敌方每有1层星陨印记，自己的技能威力+15%。,坠星.png,/ability-icons/%E5%9D%A0%E6%98%9F.png,https://patchwiki.biligame.com/images/rocom/d/da/4nqui1hfb5f5kgqzyf382kc49tl9mb9.png,祭礼巨像,https://wiki.biligame.com/rocom/%E7%A5%AD%E7%A4%BC%E5%B7%A8%E5%83%8F
壮胆,队伍存在虫系精灵，自己获得双攻+50%。,壮胆.png,/ability-icons/%E5%A3%AE%E8%83%86.png,https://patchwiki.biligame.com/images/rocom/d/d0/kfdece2tev6mg02luo76l1gj6e3bnrf.png,伏地兽|贪食鼹|巨噬针鼹,https://wiki.biligame.com/rocom/%E4%BC%8F%E5%9C%B0%E5%85%BD|https://wiki.biligame.com/rocom/%E8%B4%AA%E9%A3%9F%E9%BC%B9|https://wiki.biligame.com/rocom/%E5%B7%A8%E5%99%AC%E9%92%88%E9%BC%B9
复方汤剂,回合结束时，中毒效果触发次数+1。,复方汤剂.png,/ability-icons/%E5%A4%8D%E6%96%B9%E6%B1%A4%E5%89%82.png,https://patchwiki.biligame.com/images/rocom/e/ea/sbqeuld6d0s50vf9j2wwsgl33h2wxpi.png,嘟嘟煲|嘟嘟锅,https://wiki.biligame.com/rocom/%E5%98%9F%E5%98%9F%E7%85%B2|https://wiki.biligame.com/rocom/%E5%98%9F%E5%98%9F%E9%94%85
多人宿舍,自己的能量可以超过能量上限。,多人宿舍.png,/ability-icons/%E5%A4%9A%E4%BA%BA%E5%AE%BF%E8%88%8D.png,https://patchwiki.biligame.com/images/rocom/d/d3/0iit2ctfx6zsrqqi75snqh1dedlq9l1.png,菇菇丁|多菇丁|九幽菇,https://wiki.biligame.com/rocom/%E8%8F%87%E8%8F%87%E4%B8%81|https://wiki.biligame.com/rocom/%E5%A4%9A%E8%8F%87%E4%B8%81|https://wiki.biligame.com/rocom/%E4%B9%9D%E5%B9%BD%E8%8F%87
大捞一笔,回合结束时，偷取所有敌方精灵2能量。,大捞一笔.png,/ability-icons/%E5%A4%A7%E6%8D%9E%E4%B8%80%E7%AC%94.png,https://patchwiki.biligame.com/images/rocom/6/66/potoi7x0s6ctox99d681jrwf4dzstbh.png,幻影荆棘,https://wiki.biligame.com/rocom/%E5%B9%BB%E5%BD%B1%E8%8D%86%E6%A3%98
天通地明,攻击时，若敌方血脉是污染血脉，技能威力+100%。,天通地明.png,/ability-icons/%E5%A4%A9%E9%80%9A%E5%9C%B0%E6%98%8E.png,https://patchwiki.biligame.com/images/rocom/5/52/ac246l7r96slhrktlebg4l2oh115o6m.png,火红尾|雅丹鬃,https://wiki.biligame.com/rocom/%E7%81%AB%E7%BA%A2%E5%B0%BE|https://wiki.biligame.com/rocom/%E9%9B%85%E4%B8%B9%E9%AC%83
夺目,额外获得三个未携带的随机技能，且非光系技能威力+25%。,夺目.png,/ability-icons/%E5%A4%BA%E7%9B%AE.png,https://patchwiki.biligame.com/images/rocom/8/87/cekm8qvbkcuq67nf2cvpwgvfymbazwl.png,彩虹独角兽,https://wiki.biligame.com/rocom/%E5%BD%A9%E8%99%B9%E7%8B%AC%E8%A7%92%E5%85%BD
契约的形状,根据捕捉所用的咕噜球，入场时获得不同效果。,契约的形状.png,/ability-icons/%E5%A5%91%E7%BA%A6%E7%9A%84%E5%BD%A2%E7%8A%B6.png,https://patchwiki.biligame.com/images/rocom/1/1f/m7nod0g19cpxa1odqiuj2b0fhbm3mx2.png,星尘虫|落星虫|陨星虫,https://wiki.biligame.com/rocom/%E6%98%9F%E5%B0%98%E8%99%AB|https://wiki.biligame.com/rocom/%E8%90%BD%E6%98%9F%E8%99%AB|https://wiki.biligame.com/rocom/%E9%99%A8%E6%98%9F%E8%99%AB
奔波命,使用防御技能后，回合结束时脱离。,奔波命.png,/ability-icons/%E5%A5%94%E6%B3%A2%E5%91%BD.png,https://patchwiki.biligame.com/images/rocom/3/34/qsqb5pan54wjvr7o95r2dkj2j30nc61.png,奔波鼠|流浪鼠,https://wiki.biligame.com/rocom/%E5%A5%94%E6%B3%A2%E9%BC%A0|https://wiki.biligame.com/rocom/%E6%B5%81%E6%B5%AA%E9%BC%A0
好象坏象,状态技能应对1次后，回满状态，变为棋绮后。,好象坏象.png,/ability-icons/%E5%A5%BD%E8%B1%A1%E5%9D%8F%E8%B1%A1.png,https://patchwiki.biligame.com/images/rocom/9/95/ik4m9ks08lv6ygw7ohbdsn8uncx8wgl.png,棋祈督（白子）|棋祈督（黑子）,https://wiki.biligame.com/rocom/%E6%A3%8B%E7%A5%88%E7%9D%A3%EF%BC%88%E7%99%BD%E5%AD%90%EF%BC%89|https://wiki.biligame.com/rocom/%E6%A3%8B%E7%A5%88%E7%9D%A3%EF%BC%88%E9%BB%91%E5%AD%90%EF%BC%89
威慑,打断敌方时，被打断的技能进入2回合冷却。,威慑.png,/ability-icons/%E5%A8%81%E6%85%91.png,https://patchwiki.biligame.com/images/rocom/e/ea/f4yhldlmqk54hxz9ofwkdjtngv68qpd.png,小怂猫|小怂猫（山间竹林的样子）|怒目怂猫（山间竹林的样子）|怒目怂猫,https://wiki.biligame.com/rocom/%E5%B0%8F%E6%80%82%E7%8C%AB|https://wiki.biligame.com/rocom/%E5%B0%8F%E6%80%82%E7%8C%AB%EF%BC%88%E5%B1%B1%E9%97%B4%E7%AB%B9%E6%9E%97%E7%9A%84%E6%A0%B7%E5%AD%90%EF%BC%89|https://wiki.biligame.com/rocom/%E6%80%92%E7%9B%AE%E6%80%82%E7%8C%AB%EF%BC%88%E5%B1%B1%E9%97%B4%E7%AB%B9%E6%9E%97%E7%9A%84%E6%A0%B7%E5%AD%90%EF%BC%89|https://wiki.biligame.com/rocom/%E6%80%92%E7%9B%AE%E6%80%82%E7%8C%AB
嫁祸,自己每失去25%生命，连击数+2。,嫁祸.png,/ability-icons/%E5%AB%81%E7%A5%B8.png,https://patchwiki.biligame.com/images/rocom/5/50/nopy07w6a2apqblrvj8rv8max155f4c.png,小夜|紫夜|朔夜伊芙,https://wiki.biligame.com/rocom/%E5%B0%8F%E5%A4%9C|https://wiki.biligame.com/rocom/%E7%B4%AB%E5%A4%9C|https://wiki.biligame.com/rocom/%E6%9C%94%E5%A4%9C%E4%BC%8A%E8%8A%99
嫉妒,蓄力状态下，可以使用任一携带技能。,嫉妒.png,/ability-icons/%E5%AB%89%E5%A6%92.png,https://patchwiki.biligame.com/images/rocom/1/12/3f51kt1w29rqjk919kxnzspojecmjh9.png,伊雷龙|伊兰亚龙,https://wiki.biligame.com/rocom/%E4%BC%8A%E9%9B%B7%E9%BE%99|https://wiki.biligame.com/rocom/%E4%BC%8A%E5%85%B0%E4%BA%9A%E9%BE%99
守护者,己方其他精灵每有1层萌化，自己入场时全技能能耗-1。,守护者.png,/ability-icons/%E5%AE%88%E6%8A%A4%E8%80%85.png,https://patchwiki.biligame.com/images/rocom/4/4a/k585hb0zeq9cmk2bqi3i2riba0dl8mw.png,甜田螺|壳乙螺|卡洛儿,https://wiki.biligame.com/rocom/%E7%94%9C%E7%94%B0%E8%9E%BA|https://wiki.biligame.com/rocom/%E5%A3%B3%E4%B9%99%E8%9E%BA|https://wiki.biligame.com/rocom/%E5%8D%A1%E6%B4%9B%E5%84%BF
守望星,触发星陨时消耗一半层数，仍造成满层伤害。,守望星.png,/ability-icons/%E5%AE%88%E6%9C%9B%E6%98%9F.png,https://patchwiki.biligame.com/images/rocom/1/1c/d0edkkfwwu25szzfz8msn2wzq60dr08.png,幽星光|曜星光|暮星辰,https://wiki.biligame.com/rocom/%E5%B9%BD%E6%98%9F%E5%85%89|https://wiki.biligame.com/rocom/%E6%9B%9C%E6%98%9F%E5%85%89|https://wiki.biligame.com/rocom/%E6%9A%AE%E6%98%9F%E8%BE%B0
定向精炼,己方精灵每使用1次防御技能，自己入场时机械系和地面系技能威力+10%。,定向精炼.png,/ability-icons/%E5%AE%9A%E5%90%91%E7%B2%BE%E7%82%BC.png,https://patchwiki.biligame.com/images/rocom/4/49/6u6608l95rah86j2602wx6gtz54rzum.png,库多西|多西|波多西,https://wiki.biligame.com/rocom/%E5%BA%93%E5%A4%9A%E8%A5%BF|https://wiki.biligame.com/rocom/%E5%A4%9A%E8%A5%BF|https://wiki.biligame.com/rocom/%E6%B3%A2%E5%A4%9A%E8%A5%BF
宝剑王牌,仅可使用1号和3号位技能。,宝剑王牌.png,/ability-icons/%E5%AE%9D%E5%89%91%E7%8E%8B%E7%89%8C.png,https://patchwiki.biligame.com/images/rocom/0/05/it67v6fpa06f99rg761q4rjydv7xkga.png,圣剑骑士,https://wiki.biligame.com/rocom/%E5%9C%A3%E5%89%91%E9%AA%91%E5%A3%AB
对流,自己的能耗增加变为能耗降低；能耗降低变为能耗增加。,对流.png,/ability-icons/%E5%AF%B9%E6%B5%81.png,https://patchwiki.biligame.com/images/rocom/1/11/d8ng8ux1nug5l2k9gc00r0sla78elhp.png,双灯鱼|利灯鱼,https://wiki.biligame.com/rocom/%E5%8F%8C%E7%81%AF%E9%B1%BC|https://wiki.biligame.com/rocom/%E5%88%A9%E7%81%AF%E9%B1%BC
小偷小摸,入场时偷取所有敌方精灵2能量。,小偷小摸.png,/ability-icons/%E5%B0%8F%E5%81%B7%E5%B0%8F%E6%91%B8.png,https://patchwiki.biligame.com/images/rocom/8/8e/potoi7x0s6ctox99d681jrwf4dzstbh.png,幽影树,https://wiki.biligame.com/rocom/%E5%B9%BD%E5%BD%B1%E6%A0%91
张弛有度,周末时自己获得双攻+40%，其他时间获得双防+40%。,张弛有度.png,/ability-icons/%E5%BC%A0%E5%BC%9B%E6%9C%89%E5%BA%A6.png,https://patchwiki.biligame.com/images/rocom/6/6e/4vo5uakskxgzpbp16p88923c16aq5wu.png,布瓜蝌|上岸蛙,https://wiki.biligame.com/rocom/%E5%B8%83%E7%93%9C%E8%9D%8C|https://wiki.biligame.com/rocom/%E4%B8%8A%E5%B2%B8%E8%9B%99
得寸进尺,天气为雨天，或处于其他水系环境中时，获得双攻+100%。,得寸进尺.png,/ability-icons/%E5%BE%97%E5%AF%B8%E8%BF%9B%E5%B0%BA.png,https://patchwiki.biligame.com/images/rocom/7/7c/jjq3oagbt4f7l712eimziy4me9wwzen.png,草头鸭|卷毛鸭,https://wiki.biligame.com/rocom/%E8%8D%89%E5%A4%B4%E9%B8%AD|https://wiki.biligame.com/rocom/%E5%8D%B7%E6%AF%9B%E9%B8%AD
快充,离场时回复10能量。,快充.png,/ability-icons/%E5%BF%AB%E5%85%85.png,https://patchwiki.biligame.com/images/rocom/4/49/anrd5nyarff3ixhm78qnga19joetkz8.png,粉咩咩|电咩咩|电球咩咩,https://wiki.biligame.com/rocom/%E7%B2%89%E5%92%A9%E5%92%A9|https://wiki.biligame.com/rocom/%E7%94%B5%E5%92%A9%E5%92%A9|https://wiki.biligame.com/rocom/%E7%94%B5%E7%90%83%E5%92%A9%E5%92%A9
快锤,携带的能耗小于3的技能，获得迅捷。,快锤.png,/ability-icons/%E5%BF%AB%E9%94%A4.png,https://patchwiki.biligame.com/images/rocom/2/2a/ffo0azojx6lw685bvq9nfiwy3xyuwpx.png,锤头鹳,https://wiki.biligame.com/rocom/%E9%94%A4%E5%A4%B4%E9%B9%B3
思维之盾,应对成功后，下次行动技能能耗-5。,思维之盾.png,/ability-icons/%E6%80%9D%E7%BB%B4%E4%B9%8B%E7%9B%BE.png,https://patchwiki.biligame.com/images/rocom/c/c5/s9qw1ptgghj9mwu8d534q8okq21u020.png,水滴蛇|水蛇锁|游蛇魔使,https://wiki.biligame.com/rocom/%E6%B0%B4%E6%BB%B4%E8%9B%87|https://wiki.biligame.com/rocom/%E6%B0%B4%E8%9B%87%E9%94%81|https://wiki.biligame.com/rocom/%E6%B8%B8%E8%9B%87%E9%AD%94%E4%BD%BF
恶魔的晚宴,主动击败敌方精灵时，自己获得双攻+50%。,恶魔的晚宴.png,/ability-icons/%E6%81%B6%E9%AD%94%E7%9A%84%E6%99%9A%E5%AE%B4.png,https://patchwiki.biligame.com/images/rocom/8/85/it7nuyzbbu0zpevx4lps03uq3en247e.png,乌达（极昼的样子）|乌达（极夜的样子）|迷你乌（极昼的样子）|迷你乌（极夜的样子）,https://wiki.biligame.com/rocom/%E4%B9%8C%E8%BE%BE%EF%BC%88%E6%9E%81%E6%98%BC%E7%9A%84%E6%A0%B7%E5%AD%90%EF%BC%89|https://wiki.biligame.com/rocom/%E4%B9%8C%E8%BE%BE%EF%BC%88%E6%9E%81%E5%A4%9C%E7%9A%84%E6%A0%B7%E5%AD%90%EF%BC%89|https://wiki.biligame.com/rocom/%E8%BF%B7%E4%BD%A0%E4%B9%8C%EF%BC%88%E6%9E%81%E6%98%BC%E7%9A%84%E6%A0%B7%E5%AD%90%EF%BC%89|https://wiki.biligame.com/rocom/%E8%BF%B7%E4%BD%A0%E4%B9%8C%EF%BC%88%E6%9E%81%E5%A4%9C%E7%9A%84%E6%A0%B7%E5%AD%90%EF%BC%89
悲悯,己方队伍中每有1只力竭的精灵，自己获得双攻+30%。,悲悯.png,/ability-icons/%E6%82%B2%E6%82%AF.png,https://patchwiki.biligame.com/images/rocom/4/41/42zqwxeu5kkdh9j6z6wkrt67qt79w6k.png,恶魔狼,https://wiki.biligame.com/rocom/%E6%81%B6%E9%AD%94%E7%8B%BC
悼亡,双方队伍中每有1只力竭的精灵，自己获得双攻+30%。,悼亡.png,/ability-icons/%E6%82%BC%E4%BA%A1.png,https://patchwiki.biligame.com/images/rocom/7/70/42zqwxeu5kkdh9j6z6wkrt67qt79w6k.png,恶魔狼王,https://wiki.biligame.com/rocom/%E6%81%B6%E9%AD%94%E7%8B%BC%E7%8E%8B
惊吓,能量等于0的精灵，无法对自己造成伤害。,惊吓.png,/ability-icons/%E6%83%8A%E5%90%93.png,https://patchwiki.biligame.com/images/rocom/c/c2/903y245ed673kla2zideq6cq73lchp0.png,小灵面|暗影灵面（睁眼的样子）|暗影灵面（闭眼的样子）|幽冥眼（睁眼的样子）,https://wiki.biligame.com/rocom/%E5%B0%8F%E7%81%B5%E9%9D%A2|https://wiki.biligame.com/rocom/%E6%9A%97%E5%BD%B1%E7%81%B5%E9%9D%A2%EF%BC%88%E7%9D%81%E7%9C%BC%E7%9A%84%E6%A0%B7%E5%AD%90%EF%BC%89|https://wiki.biligame.com/rocom/%E6%9A%97%E5%BD%B1%E7%81%B5%E9%9D%A2%EF%BC%88%E9%97%AD%E7%9C%BC%E7%9A%84%E6%A0%B7%E5%AD%90%EF%BC%89|https://wiki.biligame.com/rocom/%E5%B9%BD%E5%86%A5%E7%9C%BC%EF%BC%88%E7%9D%81%E7%9C%BC%E7%9A%84%E6%A0%B7%E5%AD%90%EF%BC%89
慢热型,初始能量为0，入场前己方精灵每成功应对1次，回复5能量。,慢热型.png,/ability-icons/%E6%85%A2%E7%83%AD%E5%9E%8B.png,https://patchwiki.biligame.com/images/rocom/9/9a/stmmg3hzzrjlexikthszjvjzgtjeqwi.png,白发懒人|动力猿|瞌睡王,https://wiki.biligame.com/rocom/%E7%99%BD%E5%8F%91%E6%87%92%E4%BA%BA|https://wiki.biligame.com/rocom/%E5%8A%A8%E5%8A%9B%E7%8C%BF|https://wiki.biligame.com/rocom/%E7%9E%8C%E7%9D%A1%E7%8E%8B
打雪仗,初始能量为0，入场前己方精灵每放1次冰系技能，回复3能量。,打雪仗.png,/ability-icons/%E6%89%93%E9%9B%AA%E4%BB%97.png,https://patchwiki.biligame.com/images/rocom/f/fd/78lqp82gwrb5n2tdfsd1tx637ev7mui.png,雪豆丁|雪蛮人|雪巨人,https://wiki.biligame.com/rocom/%E9%9B%AA%E8%B1%86%E4%B8%81|https://wiki.biligame.com/rocom/%E9%9B%AA%E8%9B%AE%E4%BA%BA|https://wiki.biligame.com/rocom/%E9%9B%AA%E5%B7%A8%E4%BA%BA
扩散侵蚀,使用水系技能后，敌方获得中毒，获得层数等于中毒印记层数的2倍。,扩散侵蚀.png,/ability-icons/%E6%89%A9%E6%95%A3%E4%BE%B5%E8%9A%80.png,https://patchwiki.biligame.com/images/rocom/1/1b/eftz6viiinybaueax5acwoxyhvgf4a2.png,翡翠水母|琉璃水母,https://wiki.biligame.com/rocom/%E7%BF%A1%E7%BF%A0%E6%B0%B4%E6%AF%8D|https://wiki.biligame.com/rocom/%E7%90%89%E7%92%83%E6%B0%B4%E6%AF%8D
扫拖一体,回合结束时驱散敌方1层印记，且驱散后己方队伍获得1次随机奉献。,扫拖一体.png,/ability-icons/%E6%89%AB%E6%8B%96%E4%B8%80%E4%BD%93.png,https://patchwiki.biligame.com/images/rocom/d/d4/tw2lzy8csmi9rmsulogrevusx4le3ym.png,毛头小蛛|捕尘长绒,https://wiki.biligame.com/rocom/%E6%AF%9B%E5%A4%B4%E5%B0%8F%E8%9B%9B|https://wiki.biligame.com/rocom/%E6%8D%95%E5%B0%98%E9%95%BF%E7%BB%92
抓到你了,自己入场时敌方获得2层冻结，使敌方获得冻结时，也会使其获得全技能能耗+1。,抓到你了.png,/ability-icons/%E6%8A%93%E5%88%B0%E4%BD%A0%E4%BA%86.png,https://patchwiki.biligame.com/images/rocom/e/e5/t2j33v3wfs3613oslghh1wycm4e5q1a.png,雪影冰灵,https://wiki.biligame.com/rocom/%E9%9B%AA%E5%BD%B1%E5%86%B0%E7%81%B5
拨浪鼓,己方精灵每使用1次状态技能，自己入场时毒系和萌系技能威力+10。,拨浪鼓.png,/ability-icons/%E6%8B%A8%E6%B5%AA%E9%BC%93.png,https://patchwiki.biligame.com/images/rocom/b/b5/04hp1rbap9qsbaow6svbv8lre4fok51.png,古钟蛇（本来的样子）|古钟蛇（本命年的样子）|寒音蛇（本命年的样子）|寒音蛇（本来的样子）,https://wiki.biligame.com/rocom/%E5%8F%A4%E9%92%9F%E8%9B%87%EF%BC%88%E6%9C%AC%E6%9D%A5%E7%9A%84%E6%A0%B7%E5%AD%90%EF%BC%89|https://wiki.biligame.com/rocom/%E5%8F%A4%E9%92%9F%E8%9B%87%EF%BC%88%E6%9C%AC%E5%91%BD%E5%B9%B4%E7%9A%84%E6%A0%B7%E5%AD%90%EF%BC%89|https://wiki.biligame.com/rocom/%E5%AF%92%E9%9F%B3%E8%9B%87%EF%BC%88%E6%9C%AC%E5%91%BD%E5%B9%B4%E7%9A%84%E6%A0%B7%E5%AD%90%EF%BC%89|https://wiki.biligame.com/rocom/%E5%AF%92%E9%9F%B3%E8%9B%87%EF%BC%88%E6%9C%AC%E6%9D%A5%E7%9A%84%E6%A0%B7%E5%AD%90%EF%BC%89
指挥家,应对成功后，永久获得双攻+20%。,指挥家.png,/ability-icons/%E6%8C%87%E6%8C%A5%E5%AE%B6.png,https://patchwiki.biligame.com/images/rocom/1/10/0n5ozlo0mg88x1u12weqo8musqlu7am.png,可立鸡|晕晕鸡|绅士鸡,https://wiki.biligame.com/rocom/%E5%8F%AF%E7%AB%8B%E9%B8%A1|https://wiki.biligame.com/rocom/%E6%99%95%E6%99%95%E9%B8%A1|https://wiki.biligame.com/rocom/%E7%BB%85%E5%A3%AB%E9%B8%A1
振奋虫心,主动击败敌方后，己方队伍获得5次随机奉献。,振奋虫心.png,/ability-icons/%E6%8C%AF%E5%A5%8B%E8%99%AB%E5%BF%83.png,https://patchwiki.biligame.com/images/rocom/a/a3/lxgzoye5oamhgsem74inusabiojmtmf.png,矮脚爬爬|恶魔红钻,https://wiki.biligame.com/rocom/%E7%9F%AE%E8%84%9A%E7%88%AC%E7%88%AC|https://wiki.biligame.com/rocom/%E6%81%B6%E9%AD%94%E7%BA%A2%E9%92%BB
挺起胸脯,携带的能耗为1的技能，威力+50%。,挺起胸脯.png,/ability-icons/%E6%8C%BA%E8%B5%B7%E8%83%B8%E8%84%AF.png,https://patchwiki.biligame.com/images/rocom/d/d8/hr45lnhdgcfow4jpxlf0umz9dqd45un.png,鸭吉吉（蓬松的样子）|鸭吉吉（紧实的样子）|鸭吉吉（急急急鸭）|鸭吉吉（等一等鸭）,https://wiki.biligame.com/rocom/%E9%B8%AD%E5%90%89%E5%90%89%EF%BC%88%E8%93%AC%E6%9D%BE%E7%9A%84%E6%A0%B7%E5%AD%90%EF%BC%89|https://wiki.biligame.com/rocom/%E9%B8%AD%E5%90%89%E5%90%89%EF%BC%88%E7%B4%A7%E5%AE%9E%E7%9A%84%E6%A0%B7%E5%AD%90%EF%BC%89|https://wiki.biligame.com/rocom/%E9%B8%AD%E5%90%89%E5%90%89%EF%BC%88%E6%80%A5%E6%80%A5%E6%80%A5%E9%B8%AD%EF%BC%89|https://wiki.biligame.com/rocom/%E9%B8%AD%E5%90%89%E5%90%89%EF%BC%88%E7%AD%89%E4%B8%80%E7%AD%89%E9%B8%AD%EF%BC%89
捉迷藏,使敌方获得冻结时，也会使其获得全技能能耗+1。,捉迷藏.png,/ability-icons/%E6%8D%89%E8%BF%B7%E8%97%8F.png,https://patchwiki.biligame.com/images/rocom/0/05/t2j33v3wfs3613oslghh1wycm4e5q1a.png,大耳帽兜|帽兜娃娃|雪影娃娃,https://wiki.biligame.com/rocom/%E5%A4%A7%E8%80%B3%E5%B8%BD%E5%85%9C|https://wiki.biligame.com/rocom/%E5%B8%BD%E5%85%9C%E5%A8%83%E5%A8%83|https://wiki.biligame.com/rocom/%E9%9B%AA%E5%BD%B1%E5%A8%83%E5%A8%83
搜刮,敌方每使用1次【聚能】技能或更换精灵，自己入场时获得魔攻+20%。,搜刮.png,/ability-icons/%E6%90%9C%E5%88%AE.png,https://patchwiki.biligame.com/images/rocom/7/72/ctkg4hq0i5j2f0tyodbvd1v1uyq042m.png,空空颅|夜枭|夜宿颅,https://wiki.biligame.com/rocom/%E7%A9%BA%E7%A9%BA%E9%A2%85|https://wiki.biligame.com/rocom/%E5%A4%9C%E6%9E%AD|https://wiki.biligame.com/rocom/%E5%A4%9C%E5%AE%BF%E9%A2%85
散热,初始能量为0，入场前己方精灵每放1次火系技能，回复3能量。,散热.png,/ability-icons/%E6%95%A3%E7%83%AD.png,https://patchwiki.biligame.com/images/rocom/b/b0/0qgoeijdykttq5aufcoocly9g0wtxva.png,可爱猿|炽热猿|火焰猿,https://wiki.biligame.com/rocom/%E5%8F%AF%E7%88%B1%E7%8C%BF|https://wiki.biligame.com/rocom/%E7%82%BD%E7%83%AD%E7%8C%BF|https://wiki.biligame.com/rocom/%E7%81%AB%E7%84%B0%E7%8C%BF
斗技,应对成功后，获得全技能威力永久+20。,斗技.png,/ability-icons/%E6%96%97%E6%8A%80.png,https://patchwiki.biligame.com/images/rocom/c/c2/at8cdqvrzwyq6lt0gcswjbak3mira1z.png,武者鸡,https://wiki.biligame.com/rocom/%E6%AD%A6%E8%80%85%E9%B8%A1
无差别过滤,在场时，所有精灵连击数固定为2。,无差别过滤.png,/ability-icons/%E6%97%A0%E5%B7%AE%E5%88%AB%E8%BF%87%E6%BB%A4.png,https://patchwiki.biligame.com/images/rocom/4/48/icge01zr8cumtvfs0ir3l2yym1yhyz3.png,吸泥鸥|泥吼牙,https://wiki.biligame.com/rocom/%E5%90%B8%E6%B3%A5%E9%B8%A5|https://wiki.biligame.com/rocom/%E6%B3%A5%E5%90%BC%E7%89%99
无忧无虑,可获得的萌化层数不受限制。,无忧无虑.png,/ability-icons/%E6%97%A0%E5%BF%A7%E6%97%A0%E8%99%91.png,https://patchwiki.biligame.com/images/rocom/7/7d/8bmsb2c1drzex1maznqtuj3untx1e30.png,菊花梨,https://wiki.biligame.com/rocom/%E8%8F%8A%E8%8A%B1%E6%A2%A8
星地善良,回合结束时，若场上的己方精灵能量等于0，自己立即替换此精灵。,星地善良.png,/ability-icons/%E6%98%9F%E5%9C%B0%E5%96%84%E8%89%AF.png,https://patchwiki.biligame.com/images/rocom/7/7e/iq07ctaugb3ha0vqoc427ighpf2fpjs.png,小皮球|粉粉星,https://wiki.biligame.com/rocom/%E5%B0%8F%E7%9A%AE%E7%90%83|https://wiki.biligame.com/rocom/%E7%B2%89%E7%B2%89%E6%98%9F
暴食,携带的龙系技能获得迅捷。,暴食.png,/ability-icons/%E6%9A%B4%E9%A3%9F.png,https://patchwiki.biligame.com/images/rocom/8/87/6sl86mxachz6gr52zn4l9e4gb2tymlx.png,小翼龙|翼龙,https://wiki.biligame.com/rocom/%E5%B0%8F%E7%BF%BC%E9%BE%99|https://wiki.biligame.com/rocom/%E7%BF%BC%E9%BE%99
最好的伙伴,造成克制伤害后，获得攻防速+20%，并回复2能量。,最好的伙伴.png,/ability-icons/%E6%9C%80%E5%A5%BD%E7%9A%84%E4%BC%99%E4%BC%B4.png,https://patchwiki.biligame.com/images/rocom/8/8e/byivg8ij1v3f8l0dl2wbanleocmtd9s.png,迪莫,https://wiki.biligame.com/rocom/%E8%BF%AA%E8%8E%AB
月牙雪糕,使用攻击技能时，敌方每层冻结视为1层额外星陨印记。,月牙雪糕.png,/ability-icons/%E6%9C%88%E7%89%99%E9%9B%AA%E7%B3%95.png,https://patchwiki.biligame.com/images/rocom/c/c5/442uadjaim50c9j04urtrveshioezx6.png,月牙雪熊,https://wiki.biligame.com/rocom/%E6%9C%88%E7%89%99%E9%9B%AA%E7%86%8A
木桶戏法,离场后，更换入场的精灵以木桶状态登场。,木桶戏法.png,/ability-icons/%E6%9C%A8%E6%A1%B6%E6%88%8F%E6%B3%95.png,https://patchwiki.biligame.com/images/rocom/b/b2/nabv2k5jnagmmylyj37otdo68gi30er.png,绿草精灵|魔草巫灵,https://wiki.biligame.com/rocom/%E7%BB%BF%E8%8D%89%E7%B2%BE%E7%81%B5|https://wiki.biligame.com/rocom/%E9%AD%94%E8%8D%89%E5%B7%AB%E7%81%B5
机械变式,自己携带的技能每回合位置变化时，该技能能耗-1。,机械变式.png,/ability-icons/%E6%9C%BA%E6%A2%B0%E5%8F%98%E5%BC%8F.png,https://patchwiki.biligame.com/images/rocom/9/94/er3oprdg9j5uq5n4mmqlnw1sp1wzaie.png,权杖-Ⅱ|权杖-Ⅴ,https://wiki.biligame.com/rocom/%E6%9D%83%E6%9D%96-%E2%85%A1|https://wiki.biligame.com/rocom/%E6%9D%83%E6%9D%96-%E2%85%A4
构装契约者,入场时，若敌方魔力值为1，自己获得双防+50%。,构装契约者.png,/ability-icons/%E6%9E%84%E8%A3%85%E5%A5%91%E7%BA%A6%E8%80%85.png,https://patchwiki.biligame.com/images/rocom/f/f2/b9m9tnofz98a6tb4e9pmq6392wnbqvc.png,古卷匣魔像,https://wiki.biligame.com/rocom/%E5%8F%A4%E5%8D%B7%E5%8C%A3%E9%AD%94%E5%83%8F
正位宝剑,仅可以使用1号位技能。,正位宝剑.png,/ability-icons/%E6%AD%A3%E4%BD%8D%E5%AE%9D%E5%89%91.png,https://patchwiki.biligame.com/images/rocom/9/9b/it67v6fpa06f99rg761q4rjydv7xkga.png,圣剑侍从|圣剑-X,https://wiki.biligame.com/rocom/%E5%9C%A3%E5%89%91%E4%BE%8D%E4%BB%8E|https://wiki.biligame.com/rocom/%E5%9C%A3%E5%89%91-X
毒牙,使敌方获得中毒时，也会使其获得魔攻和魔防-40%。,毒牙.png,/ability-icons/%E6%AF%92%E7%89%99.png,https://patchwiki.biligame.com/images/rocom/8/89/2sj5c0yb4wz16d1o880xjp0qvx71nvq.png,多多|古啦多|多啦多,https://wiki.biligame.com/rocom/%E5%A4%9A%E5%A4%9A|https://wiki.biligame.com/rocom/%E5%8F%A4%E5%95%A6%E5%A4%9A|https://wiki.biligame.com/rocom/%E5%A4%9A%E5%95%A6%E5%A4%9A
毒腺,使用能耗小于等于1的技能时，敌方获得4层中毒。,毒腺.png,/ability-icons/%E6%AF%92%E8%85%BA.png,https://patchwiki.biligame.com/images/rocom/a/ab/3ogto0m61jj0zyhr8wy5323epas4mod.png,圆眼蜘蛛|尖角蜘蛛|芋香巨角蛛,https://wiki.biligame.com/rocom/%E5%9C%86%E7%9C%BC%E8%9C%98%E8%9B%9B|https://wiki.biligame.com/rocom/%E5%B0%96%E8%A7%92%E8%9C%98%E8%9B%9B|https://wiki.biligame.com/rocom/%E8%8A%8B%E9%A6%99%E5%B7%A8%E8%A7%92%E8%9B%9B
毒蘑菇,回合结束时，偷取敌方场上所有精灵1能量。,毒蘑菇.png,/ability-icons/%E6%AF%92%E8%98%91%E8%8F%87.png,https://patchwiki.biligame.com/images/rocom/5/5c/q0emyrc23wqetxucuxfhzrxnj8eapcz.png,幻灵菇|小灵菇|幻影灵菇,https://wiki.biligame.com/rocom/%E5%B9%BB%E7%81%B5%E8%8F%87|https://wiki.biligame.com/rocom/%E5%B0%8F%E7%81%B5%E8%8F%87|https://wiki.biligame.com/rocom/%E5%B9%BB%E5%BD%B1%E7%81%B5%E8%8F%87
氧循环,使用草系技能后，回复10%生命。,氧循环.png,/ability-icons/%E6%B0%A7%E5%BE%AA%E7%8E%AF.png,https://patchwiki.biligame.com/images/rocom/e/e7/5657r4c65zlrp3znhtcajvj7rsa5qoq.png,喵喵|喵呜|魔力猫,https://wiki.biligame.com/rocom/%E5%96%B5%E5%96%B5|https://wiki.biligame.com/rocom/%E5%96%B5%E5%91%9C|https://wiki.biligame.com/rocom/%E9%AD%94%E5%8A%9B%E7%8C%AB
水翼推进,己方精灵每使用1次水系技能，自己入场时获得全技能能耗-1。,水翼推进.png,/ability-icons/%E6%B0%B4%E7%BF%BC%E6%8E%A8%E8%BF%9B.png,https://patchwiki.biligame.com/images/rocom/4/49/mpzfdmeaa2b0d1zx03i4lljpp3ffzfq.png,风铃鲨|蓝蝶鲨|彩蝶鲨,https://wiki.biligame.com/rocom/%E9%A3%8E%E9%93%83%E9%B2%A8|https://wiki.biligame.com/rocom/%E8%93%9D%E8%9D%B6%E9%B2%A8|https://wiki.biligame.com/rocom/%E5%BD%A9%E8%9D%B6%E9%B2%A8
水翼飞升,己方精灵每使用1次水系技能，自己入场时获得全技能能耗-1，且能耗为0的技能威力+30%。,水翼飞升.png,/ability-icons/%E6%B0%B4%E7%BF%BC%E9%A3%9E%E5%8D%87.png,https://patchwiki.biligame.com/images/rocom/b/b6/mpzfdmeaa2b0d1zx03i4lljpp3ffzfq.png,神谕鲨,https://wiki.biligame.com/rocom/%E7%A5%9E%E8%B0%95%E9%B2%A8
泛音列,使用状态技能后，敌方获得【聒噪】技能的效果，持续3回合。,泛音列.png,/ability-icons/%E6%B3%9B%E9%9F%B3%E5%88%97.png,https://patchwiki.biligame.com/images/rocom/9/95/homgq6ts2yjt8ph2ijcte8xlvqa70yj.png,号儿鱼|圆号鱼,https://wiki.biligame.com/rocom/%E5%8F%B7%E5%84%BF%E9%B1%BC|https://wiki.biligame.com/rocom/%E5%9C%86%E5%8F%B7%E9%B1%BC
洁癖,离场后，自己的增益和减益会被更换入场的精灵继承。,洁癖.png,/ability-icons/%E6%B4%81%E7%99%96.png,https://patchwiki.biligame.com/images/rocom/1/14/kjxnj00t7aup521fqb2c8tr2xvjp97j.png,蓝珠天鹅|乖乖鹄|翠顶夫人,https://wiki.biligame.com/rocom/%E8%93%9D%E7%8F%A0%E5%A4%A9%E9%B9%85|https://wiki.biligame.com/rocom/%E4%B9%96%E4%B9%96%E9%B9%84|https://wiki.biligame.com/rocom/%E7%BF%A0%E9%A1%B6%E5%A4%AB%E4%BA%BA
洄游,每次进入蓄力状态，获得全技能能耗永久-1。,洄游.png,/ability-icons/%E6%B4%84%E6%B8%B8.png,https://patchwiki.biligame.com/images/rocom/5/5c/r03ck0nwl4xn7mqu18fges4ku6b4b0y.png,豆丁鱼|快鳍鱼|龙鱼,https://wiki.biligame.com/rocom/%E8%B1%86%E4%B8%81%E9%B1%BC|https://wiki.biligame.com/rocom/%E5%BF%AB%E9%B3%8D%E9%B1%BC|https://wiki.biligame.com/rocom/%E9%BE%99%E9%B1%BC
浪潮,使用水系技能后，全技能能耗-2。,浪潮.png,/ability-icons/%E6%B5%AA%E6%BD%AE.png,https://patchwiki.biligame.com/images/rocom/f/fe/i9e9wbc6egie7x7m6g84vqo1xe274ee.png,圣水守护,https://wiki.biligame.com/rocom/%E5%9C%A3%E6%B0%B4%E5%AE%88%E6%8A%A4
浸润,使用水系技能后，全技能能耗-1。,浸润.png,/ability-icons/%E6%B5%B8%E6%B6%A6.png,https://patchwiki.biligame.com/images/rocom/c/ca/i9e9wbc6egie7x7m6g84vqo1xe274ee.png,水蓝蓝|波波拉|水灵,https://wiki.biligame.com/rocom/%E6%B0%B4%E8%93%9D%E8%93%9D|https://wiki.biligame.com/rocom/%E6%B3%A2%E6%B3%A2%E6%8B%89|https://wiki.biligame.com/rocom/%E6%B0%B4%E7%81%B5
涂鸦,使用非本系技能时威力+50%。,涂鸦.png,/ability-icons/%E6%B6%82%E9%B8%A6.png,https://patchwiki.biligame.com/images/rocom/2/26/evjcbhu2nzo2blq8ijfcpjs5itf8i68.png,墨鱿士|混乱鱿彩,https://wiki.biligame.com/rocom/%E5%A2%A8%E9%B1%BF%E5%A3%AB|https://wiki.biligame.com/rocom/%E6%B7%B7%E4%B9%B1%E9%B1%BF%E5%BD%A9
消波块,每携带1个水系技能进入战斗，地系技能能耗-1。,消波块.png,/ability-icons/%E6%B6%88%E6%B3%A2%E5%9D%97.png,https://patchwiki.biligame.com/images/rocom/7/7c/6k7hp40gj1hbw3ebkpo9kmop7ugyt82.png,波波螺|波波螺（被污染的样子）|消波螺|消波螺（被污染的样子）,https://wiki.biligame.com/rocom/%E6%B3%A2%E6%B3%A2%E8%9E%BA|https://wiki.biligame.com/rocom/%E6%B3%A2%E6%B3%A2%E8%9E%BA%EF%BC%88%E8%A2%AB%E6%B1%A1%E6%9F%93%E7%9A%84%E6%A0%B7%E5%AD%90%EF%BC%89|https://wiki.biligame.com/rocom/%E6%B6%88%E6%B3%A2%E8%9E%BA|https://wiki.biligame.com/rocom/%E6%B6%88%E6%B3%A2%E8%9E%BA%EF%BC%88%E8%A2%AB%E6%B1%A1%E6%9F%93%E7%9A%84%E6%A0%B7%E5%AD%90%EF%BC%89
深层氧循环,使用草系技能后，回复15%生命。,深层氧循环.png,/ability-icons/%E6%B7%B1%E5%B1%82%E6%B0%A7%E5%BE%AA%E7%8E%AF.png,https://patchwiki.biligame.com/images/rocom/1/15/5657r4c65zlrp3znhtcajvj7rsa5qoq.png,叶冕魔力猫,https://wiki.biligame.com/rocom/%E5%8F%B6%E5%86%95%E9%AD%94%E5%8A%9B%E7%8C%AB
渗透,己方精灵每使用1次武系或地系技能，自己入场时获得攻防+5%。,渗透.png,/ability-icons/%E6%B8%97%E9%80%8F.png,https://patchwiki.biligame.com/images/rocom/2/2c/7367n35i8ue0eclevof6hn7zslgnjai.png,棋绮后（白子）|棋绮后（黑子）,https://wiki.biligame.com/rocom/%E6%A3%8B%E7%BB%AE%E5%90%8E%EF%BC%88%E7%99%BD%E5%AD%90%EF%BC%89|https://wiki.biligame.com/rocom/%E6%A3%8B%E7%BB%AE%E5%90%8E%EF%BC%88%E9%BB%91%E5%AD%90%EF%BC%89
渴求,入场时获得50%吸血。,渴求.png,/ability-icons/%E6%B8%B4%E6%B1%82.png,https://patchwiki.biligame.com/images/rocom/b/b1/3ew2jzq4agimf8frxg3d823aln9l08n.png,恶魔叮|叮叮恶魔,https://wiki.biligame.com/rocom/%E6%81%B6%E9%AD%94%E5%8F%AE|https://wiki.biligame.com/rocom/%E5%8F%AE%E5%8F%AE%E6%81%B6%E9%AD%94
游弋,蓄力时可使用任一携带技能，且获得双防+100%。,游弋.png,/ability-icons/%E6%B8%B8%E5%BC%8B.png,https://patchwiki.biligame.com/images/rocom/b/b1/3f51kt1w29rqjk919kxnzspojecmjh9.png,伊兰龙,https://wiki.biligame.com/rocom/%E4%BC%8A%E5%85%B0%E9%BE%99
溶解扩散,每携带1个毒系技能进入战斗，水系技能使敌方获得1层中毒。,溶解扩散.png,/ability-icons/%E6%BA%B6%E8%A7%A3%E6%89%A9%E6%95%A3.png,https://patchwiki.biligame.com/images/rocom/0/04/30mfhppuirl1uzvvhrjup0orqikb4hu.png,海盔虫（磨损的样子）|海盔虫（本来的样子）|刺盔虫（本来的样子）|刺盔虫（磨损的样子）,https://wiki.biligame.com/rocom/%E6%B5%B7%E7%9B%94%E8%99%AB%EF%BC%88%E7%A3%A8%E6%8D%9F%E7%9A%84%E6%A0%B7%E5%AD%90%EF%BC%89|https://wiki.biligame.com/rocom/%E6%B5%B7%E7%9B%94%E8%99%AB%EF%BC%88%E6%9C%AC%E6%9D%A5%E7%9A%84%E6%A0%B7%E5%AD%90%EF%BC%89|https://wiki.biligame.com/rocom/%E5%88%BA%E7%9B%94%E8%99%AB%EF%BC%88%E6%9C%AC%E6%9D%A5%E7%9A%84%E6%A0%B7%E5%AD%90%EF%BC%89|https://wiki.biligame.com/rocom/%E5%88%BA%E7%9B%94%E8%99%AB%EF%BC%88%E7%A3%A8%E6%8D%9F%E7%9A%84%E6%A0%B7%E5%AD%90%EF%BC%89
灰色肖像,攻击会使敌方已有的减益层数+3。,灰色肖像.png,/ability-icons/%E7%81%B0%E8%89%B2%E8%82%96%E5%83%8F.png,https://patchwiki.biligame.com/images/rocom/c/c2/gh5kpf5dnump0p2qitma4uawyov6jnx.png,画精灵|画像守护|画间法师手,https://wiki.biligame.com/rocom/%E7%94%BB%E7%B2%BE%E7%81%B5|https://wiki.biligame.com/rocom/%E7%94%BB%E5%83%8F%E5%AE%88%E6%8A%A4|https://wiki.biligame.com/rocom/%E7%94%BB%E9%97%B4%E6%B3%95%E5%B8%88%E6%89%8B
灵魂灼伤,冰系技能使敌方获得4层灼烧，火系技能使敌方获得2层冻结。,灵魂灼伤.png,/ability-icons/%E7%81%B5%E9%AD%82%E7%81%BC%E4%BC%A4.png,https://patchwiki.biligame.com/images/rocom/d/d7/dfjgyanogyrxoxzxsb4at5ivn7ibpiw.png,灵狐|九尾狐|尖嘴狐仙,https://wiki.biligame.com/rocom/%E7%81%B5%E7%8B%90|https://wiki.biligame.com/rocom/%E4%B9%9D%E5%B0%BE%E7%8B%90|https://wiki.biligame.com/rocom/%E5%B0%96%E5%98%B4%E7%8B%90%E4%BB%99
煤渣草,在场时，所有灼烧的衰减变为增长。,煤渣草.png,/ability-icons/%E7%85%A4%E6%B8%A3%E8%8D%89.png,https://patchwiki.biligame.com/images/rocom/7/70/iad0da07y5kr6ttokw3jld4lksnrbbn.png,柴渣虫|燃薪虫,https://wiki.biligame.com/rocom/%E6%9F%B4%E6%B8%A3%E8%99%AB|https://wiki.biligame.com/rocom/%E7%87%83%E8%96%AA%E8%99%AB
爆燃,使用火系技能后，获得双攻+30%。,爆燃.png,/ability-icons/%E7%88%86%E7%87%83.png,https://patchwiki.biligame.com/images/rocom/c/c0/6zgbtpjc9gg8cxqz7rl0ytu07a80afn.png,烈火战神,https://wiki.biligame.com/rocom/%E7%83%88%E7%81%AB%E6%88%98%E7%A5%9E
特殊清洁场景,回合结束时偷取敌方1层印记。,特殊清洁场景.png,/ability-icons/%E7%89%B9%E6%AE%8A%E6%B8%85%E6%B4%81%E5%9C%BA%E6%99%AF.png,https://patchwiki.biligame.com/images/rocom/7/70/h0a1rz5b32fdl44v3i17eay3xg8kikl.png,食尘短绒,https://wiki.biligame.com/rocom/%E9%A3%9F%E5%B0%98%E7%9F%AD%E7%BB%92
珊瑚骨,敌方精灵离场时，自己获得全技能能耗-3。,珊瑚骨.png,/ability-icons/%E7%8F%8A%E7%91%9A%E9%AA%A8.png,https://patchwiki.biligame.com/images/rocom/9/93/k74gtutygu0s2qikanpndoomok8j573.png,海枝枝（碧蓝珊瑚）|海枝枝（杏黄百合）|海枝枝（洋红沙丁）|海枝枝（翠绿纶布）,https://wiki.biligame.com/rocom/%E6%B5%B7%E6%9E%9D%E6%9E%9D%EF%BC%88%E7%A2%A7%E8%93%9D%E7%8F%8A%E7%91%9A%EF%BC%89|https://wiki.biligame.com/rocom/%E6%B5%B7%E6%9E%9D%E6%9E%9D%EF%BC%88%E6%9D%8F%E9%BB%84%E7%99%BE%E5%90%88%EF%BC%89|https://wiki.biligame.com/rocom/%E6%B5%B7%E6%9E%9D%E6%9E%9D%EF%BC%88%E6%B4%8B%E7%BA%A2%E6%B2%99%E4%B8%81%EF%BC%89|https://wiki.biligame.com/rocom/%E6%B5%B7%E6%9E%9D%E6%9E%9D%EF%BC%88%E7%BF%A0%E7%BB%BF%E7%BA%B6%E5%B8%83%EF%BC%89
生物电,携带的电系技能获得迸发：能耗-2。,生物电.png,/ability-icons/%E7%94%9F%E7%89%A9%E7%94%B5.png,https://patchwiki.biligame.com/images/rocom/d/d9/0tdu7tnarrmofdrwzubde50rkgn37hd.png,胆小鳗鱼|闪电鳗鱼,https://wiki.biligame.com/rocom/%E8%83%86%E5%B0%8F%E9%B3%97%E9%B1%BC|https://wiki.biligame.com/rocom/%E9%97%AA%E7%94%B5%E9%B3%97%E9%B1%BC
生物碱,使用草系技能时，敌方获得2层中毒。,生物碱.png,/ability-icons/%E7%94%9F%E7%89%A9%E7%A2%B1.png,https://patchwiki.biligame.com/images/rocom/2/21/aexx9qycd178enpjmp47hus923e3m81.png,蹦蹦种子（海神球形态）|蹦蹦种子（彩玉球形态）|蹦蹦种子（短毛球形态）|蹦蹦种子（象牙球形态）,https://wiki.biligame.com/rocom/%E8%B9%A6%E8%B9%A6%E7%A7%8D%E5%AD%90%EF%BC%88%E6%B5%B7%E7%A5%9E%E7%90%83%E5%BD%A2%E6%80%81%EF%BC%89|https://wiki.biligame.com/rocom/%E8%B9%A6%E8%B9%A6%E7%A7%8D%E5%AD%90%EF%BC%88%E5%BD%A9%E7%8E%89%E7%90%83%E5%BD%A2%E6%80%81%EF%BC%89|https://wiki.biligame.com/rocom/%E8%B9%A6%E8%B9%A6%E7%A7%8D%E5%AD%90%EF%BC%88%E7%9F%AD%E6%AF%9B%E7%90%83%E5%BD%A2%E6%80%81%EF%BC%89|https://wiki.biligame.com/rocom/%E8%B9%A6%E8%B9%A6%E7%A7%8D%E5%AD%90%EF%BC%88%E8%B1%A1%E7%89%99%E7%90%83%E5%BD%A2%E6%80%81%EF%BC%89
生长,回合结束时，回复12%生命。,生长.png,/ability-icons/%E7%94%9F%E9%95%BF.png,https://patchwiki.biligame.com/images/rocom/c/cc/jm0a6mfh0g4d494n2ryzcwxsvxfy0s1.png,格兰种子|格兰花|格兰球,https://wiki.biligame.com/rocom/%E6%A0%BC%E5%85%B0%E7%A7%8D%E5%AD%90|https://wiki.biligame.com/rocom/%E6%A0%BC%E5%85%B0%E8%8A%B1|https://wiki.biligame.com/rocom/%E6%A0%BC%E5%85%B0%E7%90%83
电流刺激,携带的攻击技能获得迸发：威力+40。,电流刺激.png,/ability-icons/%E7%94%B5%E6%B5%81%E5%88%BA%E6%BF%80.png,https://patchwiki.biligame.com/images/rocom/4/4c/inr3kk99wrxffk5gm1m1zl880nkwda8.png,小星光（星光能量的样子）|星光狮（星光能量的样子）|小星光（月光能量的样子）|星光狮（月光能量的样子）,https://wiki.biligame.com/rocom/%E5%B0%8F%E6%98%9F%E5%85%89%EF%BC%88%E6%98%9F%E5%85%89%E8%83%BD%E9%87%8F%E7%9A%84%E6%A0%B7%E5%AD%90%EF%BC%89|https://wiki.biligame.com/rocom/%E6%98%9F%E5%85%89%E7%8B%AE%EF%BC%88%E6%98%9F%E5%85%89%E8%83%BD%E9%87%8F%E7%9A%84%E6%A0%B7%E5%AD%90%EF%BC%89|https://wiki.biligame.com/rocom/%E5%B0%8F%E6%98%9F%E5%85%89%EF%BC%88%E6%9C%88%E5%85%89%E8%83%BD%E9%87%8F%E7%9A%84%E6%A0%B7%E5%AD%90%EF%BC%89|https://wiki.biligame.com/rocom/%E6%98%9F%E5%85%89%E7%8B%AE%EF%BC%88%E6%9C%88%E5%85%89%E8%83%BD%E9%87%8F%E7%9A%84%E6%A0%B7%E5%AD%90%EF%BC%89
目空,携带的非光系技能，威力+25%。,目空.png,/ability-icons/%E7%9B%AE%E7%A9%BA.png,https://patchwiki.biligame.com/images/rocom/3/32/cekm8qvbkcuq67nf2cvpwgvfymbazwl.png,白金独角兽|小独角兽,https://wiki.biligame.com/rocom/%E7%99%BD%E9%87%91%E7%8B%AC%E8%A7%92%E5%85%BD|https://wiki.biligame.com/rocom/%E5%B0%8F%E7%8B%AC%E8%A7%92%E5%85%BD
盲拧,回合开始时，技能顺序打乱，4号位的技能能耗-4。,盲拧.png,/ability-icons/%E7%9B%B2%E6%8B%A7.png,https://patchwiki.biligame.com/images/rocom/4/48/gta6d2dwosj7ycovaedm7g9o3iaz8mw.png,机械方方|多彩方方|立方人,https://wiki.biligame.com/rocom/%E6%9C%BA%E6%A2%B0%E6%96%B9%E6%96%B9|https://wiki.biligame.com/rocom/%E5%A4%9A%E5%BD%A9%E6%96%B9%E6%96%B9|https://wiki.biligame.com/rocom/%E7%AB%8B%E6%96%B9%E4%BA%BA
石天平,若使用技能能耗高于敌方，回合结束敌方失去能耗之差的能量。,石天平.png,/ability-icons/%E7%9F%B3%E5%A4%A9%E5%B9%B3.png,https://patchwiki.biligame.com/images/rocom/2/2e/ltk4jpk2bpcuxhwiscoyv8ur980qty5.png,石石|巨灵石,https://wiki.biligame.com/rocom/%E7%9F%B3%E7%9F%B3|https://wiki.biligame.com/rocom/%E5%B7%A8%E7%81%B5%E7%9F%B3
石头大餐,能量不足时，消耗5%生命，代替1能量。,石头大餐.png,/ability-icons/%E7%9F%B3%E5%A4%B4%E5%A4%A7%E9%A4%90.png,https://patchwiki.biligame.com/images/rocom/d/de/90eo4qe62d8qo04qak3bzxalcqis8p1.png,阿米亚特|阿米樱|罗隐,https://wiki.biligame.com/rocom/%E9%98%BF%E7%B1%B3%E4%BA%9A%E7%89%B9|https://wiki.biligame.com/rocom/%E9%98%BF%E7%B1%B3%E6%A8%B1|https://wiki.biligame.com/rocom/%E7%BD%97%E9%9A%90
碰瓷,自己使用恶系技能后，敌方失去2能量。,碰瓷.png,/ability-icons/%E7%A2%B0%E7%93%B7.png,https://patchwiki.biligame.com/images/rocom/0/0b/995r51s4q5j6epzd6v5qdt2sk1mf28p.png,锥尾羊|铃兰羊|花影羚羊,https://wiki.biligame.com/rocom/%E9%94%A5%E5%B0%BE%E7%BE%8A|https://wiki.biligame.com/rocom/%E9%93%83%E5%85%B0%E7%BE%8A|https://wiki.biligame.com/rocom/%E8%8A%B1%E5%BD%B1%E7%BE%9A%E7%BE%8A
稀兽花宝,根据自己的血脉，入场时获得不同效果。,稀兽花宝.png,/ability-icons/%E7%A8%80%E5%85%BD%E8%8A%B1%E5%AE%9D.png,https://patchwiki.biligame.com/images/rocom/c/c6/qh79aqptvmgoos783w97pxrf4279mf3.png,兽花蕾,https://wiki.biligame.com/rocom/%E5%85%BD%E8%8A%B1%E8%95%BE
系统发育,获得能量或生命时，会将等量的能量或生命随机分配给场下的精灵。,系统发育.png,/ability-icons/%E7%B3%BB%E7%BB%9F%E5%8F%91%E8%82%B2.png,https://patchwiki.biligame.com/images/rocom/2/26/4qn06wvpmatlx1jfs1ehcjz2o4z3fxz.png,春团|春兔|春花兔,https://wiki.biligame.com/rocom/%E6%98%A5%E5%9B%A2|https://wiki.biligame.com/rocom/%E6%98%A5%E5%85%94|https://wiki.biligame.com/rocom/%E6%98%A5%E8%8A%B1%E5%85%94
绒粉星光,攻击时，若敌方血脉是非本系的系别血脉，技能威力+100%。,绒粉星光.png,/ability-icons/%E7%BB%92%E7%B2%89%E6%98%9F%E5%85%89.png,https://patchwiki.biligame.com/images/rocom/d/de/h8q6zd4ml9aj24abu8hmqzrqxhd942q.png,绒绒|小绒茧|绒仙子,https://wiki.biligame.com/rocom/%E7%BB%92%E7%BB%92|https://wiki.biligame.com/rocom/%E5%B0%8F%E7%BB%92%E8%8C%A7|https://wiki.biligame.com/rocom/%E7%BB%92%E4%BB%99%E5%AD%90
绝对秩序,受到非敌方系别的技能攻击时伤害-50%。,绝对秩序.png,/ability-icons/%E7%BB%9D%E5%AF%B9%E7%A7%A9%E5%BA%8F.png,https://patchwiki.biligame.com/images/rocom/d/da/ev8p6093lqta7g9c589heg98an4bt2v.png,秩序鱿墨,https://wiki.biligame.com/rocom/%E7%A7%A9%E5%BA%8F%E9%B1%BF%E5%A2%A8
缩壳,携带的防御技能能耗-2。,缩壳.png,/ability-icons/%E7%BC%A9%E5%A3%B3.png,https://patchwiki.biligame.com/images/rocom/5/54/i69u27xlj5u026bftowisewinb7umo9.png,板板壳（本来的样子）|板板壳（蜕皮时的样子）|咔咔壳（本来的样子）|咔咔壳（蜕皮时的样子）,https://wiki.biligame.com/rocom/%E6%9D%BF%E6%9D%BF%E5%A3%B3%EF%BC%88%E6%9C%AC%E6%9D%A5%E7%9A%84%E6%A0%B7%E5%AD%90%EF%BC%89|https://wiki.biligame.com/rocom/%E6%9D%BF%E6%9D%BF%E5%A3%B3%EF%BC%88%E8%9C%95%E7%9A%AE%E6%97%B6%E7%9A%84%E6%A0%B7%E5%AD%90%EF%BC%89|https://wiki.biligame.com/rocom/%E5%92%94%E5%92%94%E5%A3%B3%EF%BC%88%E6%9C%AC%E6%9D%A5%E7%9A%84%E6%A0%B7%E5%AD%90%EF%BC%89|https://wiki.biligame.com/rocom/%E5%92%94%E5%92%94%E5%A3%B3%EF%BC%88%E8%9C%95%E7%9A%AE%E6%97%B6%E7%9A%84%E6%A0%B7%E5%AD%90%EF%BC%89
美拉德反应,离场后，更换入场的精灵获得双攻+20%且免疫灼烧。,美拉德反应.png,/ability-icons/%E7%BE%8E%E6%8B%89%E5%BE%B7%E5%8F%8D%E5%BA%94.png,https://patchwiki.biligame.com/images/rocom/1/13/mebm1b5adaz7ygb1jyz41n3863qcbuv.png,熔岩布丁,https://wiki.biligame.com/rocom/%E7%86%94%E5%B2%A9%E5%B8%83%E4%B8%81
翼轴,1号位技能获得迅捷和传动1。,翼轴.png,/ability-icons/%E7%BF%BC%E8%BD%B4.png,https://patchwiki.biligame.com/images/rocom/1/17/sur9s8yyn1g4xd2jzhvfpjpozhip9rk.png,帕帕斯卡|螺旋帕帕,https://wiki.biligame.com/rocom/%E5%B8%95%E5%B8%95%E6%96%AF%E5%8D%A1|https://wiki.biligame.com/rocom/%E8%9E%BA%E6%97%8B%E5%B8%95%E5%B8%95
耐活王,敌方受到中毒效果伤害时，自己回复等量生命。,耐活王.png,/ability-icons/%E8%80%90%E6%B4%BB%E7%8E%8B.png,https://patchwiki.biligame.com/images/rocom/9/96/armuu26aarw234f31wh4i4yqkloj5qh.png,刺轮砣（下弦的样子）|刺轮砣（上弦的样子）|月亮砣（下弦的样子）|月亮砣（上弦的样子）,https://wiki.biligame.com/rocom/%E5%88%BA%E8%BD%AE%E7%A0%A3%EF%BC%88%E4%B8%8B%E5%BC%A6%E7%9A%84%E6%A0%B7%E5%AD%90%EF%BC%89|https://wiki.biligame.com/rocom/%E5%88%BA%E8%BD%AE%E7%A0%A3%EF%BC%88%E4%B8%8A%E5%BC%A6%E7%9A%84%E6%A0%B7%E5%AD%90%EF%BC%89|https://wiki.biligame.com/rocom/%E6%9C%88%E4%BA%AE%E7%A0%A3%EF%BC%88%E4%B8%8B%E5%BC%A6%E7%9A%84%E6%A0%B7%E5%AD%90%EF%BC%89|https://wiki.biligame.com/rocom/%E6%9C%88%E4%BA%AE%E7%A0%A3%EF%BC%88%E4%B8%8A%E5%BC%A6%E7%9A%84%E6%A0%B7%E5%AD%90%EF%BC%89
腐植循环,每回复1能量，同时回复5%生命。,腐植循环.png,/ability-icons/%E8%85%90%E6%A4%8D%E5%BE%AA%E7%8E%AF.png,https://patchwiki.biligame.com/images/rocom/a/a7/fsgfhlq96m3wlfzwgmvykede0z38tjr.png,伊贝儿|伊贝粉粉,https://wiki.biligame.com/rocom/%E4%BC%8A%E8%B4%9D%E5%84%BF|https://wiki.biligame.com/rocom/%E4%BC%8A%E8%B4%9D%E7%B2%89%E7%B2%89
腾挪,攻击技能应对1次后，回满状态，变为棋绮后。,腾挪.png,/ability-icons/%E8%85%BE%E6%8C%AA.png,https://patchwiki.biligame.com/images/rocom/e/e8/b29blopkbz5unfwlvz8lwp7f6hplrpf.png,棋棋（白子）|棋棋（黑子）|棋骑士（白子）|棋骑士（黑子）,https://wiki.biligame.com/rocom/%E6%A3%8B%E6%A3%8B%EF%BC%88%E7%99%BD%E5%AD%90%EF%BC%89|https://wiki.biligame.com/rocom/%E6%A3%8B%E6%A3%8B%EF%BC%88%E9%BB%91%E5%AD%90%EF%BC%89|https://wiki.biligame.com/rocom/%E6%A3%8B%E9%AA%91%E5%A3%AB%EF%BC%88%E7%99%BD%E5%AD%90%EF%BC%89|https://wiki.biligame.com/rocom/%E6%A3%8B%E9%AA%91%E5%A3%AB%EF%BC%88%E9%BB%91%E5%AD%90%EF%BC%89
自由飘,自己每有1层萌化，获得连击数+2。,自由飘.png,/ability-icons/%E8%87%AA%E7%94%B1%E9%A3%98.png,https://patchwiki.biligame.com/images/rocom/3/39/495el2oclhohp3ynli46r5ahr8kvef1.png,魔翼鸟|绿翼鸟|魔眷鸟,https://wiki.biligame.com/rocom/%E9%AD%94%E7%BF%BC%E9%B8%9F|https://wiki.biligame.com/rocom/%E7%BB%BF%E7%BF%BC%E9%B8%9F|https://wiki.biligame.com/rocom/%E9%AD%94%E7%9C%B7%E9%B8%9F
花精灵,回合结束时，己方队伍获得1次随机奉献。,花精灵.png,/ability-icons/%E8%8A%B1%E7%B2%BE%E7%81%B5.png,https://patchwiki.biligame.com/images/rocom/a/a3/12b06otborfho42oetr9wa4m779xorp.png,小草虫|草衣虫|花衣蝶,https://wiki.biligame.com/rocom/%E5%B0%8F%E8%8D%89%E8%99%AB|https://wiki.biligame.com/rocom/%E8%8D%89%E8%A1%A3%E8%99%AB|https://wiki.biligame.com/rocom/%E8%8A%B1%E8%A1%A3%E8%9D%B6
茶多酚,离场后，更换入场的精灵回复20%生命且免疫寄生。,茶多酚.png,/ability-icons/%E8%8C%B6%E5%A4%9A%E9%85%9A.png,https://patchwiki.biligame.com/images/rocom/9/97/84keas8nf2ln4qu6n9dij13yzrrblul.png,果冻|抹茶布丁,https://wiki.biligame.com/rocom/%E6%9E%9C%E5%86%BB|https://wiki.biligame.com/rocom/%E6%8A%B9%E8%8C%B6%E5%B8%83%E4%B8%81
营养液泡,获得增益时，额外获得层数+2。,营养液泡.png,/ability-icons/%E8%90%A5%E5%85%BB%E6%B6%B2%E6%B3%A1.png,https://patchwiki.biligame.com/images/rocom/c/c1/rzfv5hdtg4f8cw1cd9cu3tiiomjpw2h.png,呆小路|舞动路路|白发路路,https://wiki.biligame.com/rocom/%E5%91%86%E5%B0%8F%E8%B7%AF|https://wiki.biligame.com/rocom/%E8%88%9E%E5%8A%A8%E8%B7%AF%E8%B7%AF|https://wiki.biligame.com/rocom/%E7%99%BD%E5%8F%91%E8%B7%AF%E8%B7%AF
蒸汽膨胀,己方精灵每使用1次火系技能，自己入场时获得全技能威力+10。,蒸汽膨胀.png,/ability-icons/%E8%92%B8%E6%B1%BD%E8%86%A8%E8%83%80.png,https://patchwiki.biligame.com/images/rocom/7/7b/5guii4gl6ls04dcyuiouqm3fkqmsk6w.png,火尾瓦特|火尾战士|烈火守护,https://wiki.biligame.com/rocom/%E7%81%AB%E5%B0%BE%E7%93%A6%E7%89%B9|https://wiki.biligame.com/rocom/%E7%81%AB%E5%B0%BE%E6%88%98%E5%A3%AB|https://wiki.biligame.com/rocom/%E7%83%88%E7%81%AB%E5%AE%88%E6%8A%A4
蓄电池,每入场1次，永久获得双攻+20%。,蓄电池.png,/ability-icons/%E8%93%84%E7%94%B5%E6%B1%A0.png,https://patchwiki.biligame.com/images/rocom/e/e4/lyf56mee7xgv1kq0g7mpmndbdbgp18d.png,电动长颈鹿|爵士鹿|奔乐鹿,https://wiki.biligame.com/rocom/%E7%94%B5%E5%8A%A8%E9%95%BF%E9%A2%88%E9%B9%BF|https://wiki.biligame.com/rocom/%E7%88%B5%E5%A3%AB%E9%B9%BF|https://wiki.biligame.com/rocom/%E5%A5%94%E4%B9%90%E9%B9%BF
虚假宝箱,自己力竭时，敌方获得攻防+20%。,虚假宝箱.png,/ability-icons/%E8%99%9A%E5%81%87%E5%AE%9D%E7%AE%B1.png,https://patchwiki.biligame.com/images/rocom/a/aa/l04z1w3mef8o8pftrwzq20i1fykkps4.png,小箱怪|迷迷箱怪,https://wiki.biligame.com/rocom/%E5%B0%8F%E7%AE%B1%E6%80%AA|https://wiki.biligame.com/rocom/%E8%BF%B7%E8%BF%B7%E7%AE%B1%E6%80%AA
虫群鼓舞,队伍中每有1只其他的虫系精灵，自己入场时获得攻防速+10%。,虫群鼓舞.png,/ability-icons/%E8%99%AB%E7%BE%A4%E9%BC%93%E8%88%9E.png,https://patchwiki.biligame.com/images/rocom/5/5c/e6n9k8m1q32n64ywhkjtckfj6wpspv0.png,一窝蜂|黄蜂后,https://wiki.biligame.com/rocom/%E4%B8%80%E7%AA%9D%E8%9C%82|https://wiki.biligame.com/rocom/%E9%BB%84%E8%9C%82%E5%90%8E
蚀刻,回合结束时，敌方每2层中毒转化为1层中毒印记。,蚀刻.png,/ability-icons/%E8%9A%80%E5%88%BB.png,https://patchwiki.biligame.com/images/rocom/7/74/icj2n5zz8oyl8x3d6o0er71c4k0v803.png,裘洛|裘力|裘卡,https://wiki.biligame.com/rocom/%E8%A3%98%E6%B4%9B|https://wiki.biligame.com/rocom/%E8%A3%98%E5%8A%9B|https://wiki.biligame.com/rocom/%E8%A3%98%E5%8D%A1
血型吸引,敌方每携带1种系别的技能，自己攻击时威力+10。,血型吸引.png,/ability-icons/%E8%A1%80%E5%9E%8B%E5%90%B8%E5%BC%95.png,https://patchwiki.biligame.com/images/rocom/9/98/292c6mp25fwbeeqjl6mw2wtyghvch22.png,嗜光嗡嗡|窃光蚊,https://wiki.biligame.com/rocom/%E5%97%9C%E5%85%89%E5%97%A1%E5%97%A1|https://wiki.biligame.com/rocom/%E7%AA%83%E5%85%89%E8%9A%8A
衡量,入场时，复制敌方的增益。在场时，若敌方获得增益自己也会获得。,衡量.png,/ability-icons/%E8%A1%A1%E9%87%8F.png,https://patchwiki.biligame.com/images/rocom/9/9d/nonmjx4qsj4kq87z4b0pqli1xgqr83g.png,公平鸽,https://wiki.biligame.com/rocom/%E5%85%AC%E5%B9%B3%E9%B8%BD
警惕,回合结束时，若自己能量为0则脱离。,警惕.png,/ability-icons/%E8%AD%A6%E6%83%95.png,https://patchwiki.biligame.com/images/rocom/5/58/m3194sxso15zzteup12b5t5alanui5n.png,地鼠（枯水期的样子）|地鼠（储水期的样子）|遁鼠（枯水期的样子）|遁鼠（储水期的样子）,https://wiki.biligame.com/rocom/%E5%9C%B0%E9%BC%A0%EF%BC%88%E6%9E%AF%E6%B0%B4%E6%9C%9F%E7%9A%84%E6%A0%B7%E5%AD%90%EF%BC%89|https://wiki.biligame.com/rocom/%E5%9C%B0%E9%BC%A0%EF%BC%88%E5%82%A8%E6%B0%B4%E6%9C%9F%E7%9A%84%E6%A0%B7%E5%AD%90%EF%BC%89|https://wiki.biligame.com/rocom/%E9%81%81%E9%BC%A0%EF%BC%88%E6%9E%AF%E6%B0%B4%E6%9C%9F%E7%9A%84%E6%A0%B7%E5%AD%90%EF%BC%89|https://wiki.biligame.com/rocom/%E9%81%81%E9%BC%A0%EF%BC%88%E5%82%A8%E6%B0%B4%E6%9C%9F%E7%9A%84%E6%A0%B7%E5%AD%90%EF%BC%89
诈死,自己力竭时，少损失1点魔力。,诈死.png,/ability-icons/%E8%AF%88%E6%AD%BB.png,https://patchwiki.biligame.com/images/rocom/a/a1/hn7fezlsxy0d70w2c5ly87o9z9f7eeb.png,丢丢（草地附近的样子）|丢丢（沙地附近的样子）|丢丢（雪山附近的样子）|丢丢（火山附近的样子）,https://wiki.biligame.com/rocom/%E4%B8%A2%E4%B8%A2%EF%BC%88%E8%8D%89%E5%9C%B0%E9%99%84%E8%BF%91%E7%9A%84%E6%A0%B7%E5%AD%90%EF%BC%89|https://wiki.biligame.com/rocom/%E4%B8%A2%E4%B8%A2%EF%BC%88%E6%B2%99%E5%9C%B0%E9%99%84%E8%BF%91%E7%9A%84%E6%A0%B7%E5%AD%90%EF%BC%89|https://wiki.biligame.com/rocom/%E4%B8%A2%E4%B8%A2%EF%BC%88%E9%9B%AA%E5%B1%B1%E9%99%84%E8%BF%91%E7%9A%84%E6%A0%B7%E5%AD%90%EF%BC%89|https://wiki.biligame.com/rocom/%E4%B8%A2%E4%B8%A2%EF%BC%88%E7%81%AB%E5%B1%B1%E9%99%84%E8%BF%91%E7%9A%84%E6%A0%B7%E5%AD%90%EF%BC%89
贪婪,敌方精灵离场后，其增益和减益会被更换入场的精灵继承。,贪婪.png,/ability-icons/%E8%B4%AA%E5%A9%AA.png,https://patchwiki.biligame.com/images/rocom/0/07/bzmo8chirej4v0ktwukjg0g3oyzk7yi.png,黑羽夫人,https://wiki.biligame.com/rocom/%E9%BB%91%E7%BE%BD%E5%A4%AB%E4%BA%BA
贪心算法,1号位技能获得传动1，且使用后使敌方获得6层灼烧。,贪心算法.png,/ability-icons/%E8%B4%AA%E5%BF%83%E7%AE%97%E6%B3%95.png,https://patchwiki.biligame.com/images/rocom/5/54/qqhagn1w0j0fwmvz9cofvtbkyf0meah.png,贝瑟|贝加尔|贝古斯,https://wiki.biligame.com/rocom/%E8%B4%9D%E7%91%9F|https://wiki.biligame.com/rocom/%E8%B4%9D%E5%8A%A0%E5%B0%94|https://wiki.biligame.com/rocom/%E8%B4%9D%E5%8F%A4%E6%96%AF
起飞加速,本场战斗首次使用的技能获得迅捷。,起飞加速.png,/ability-icons/%E8%B5%B7%E9%A3%9E%E5%8A%A0%E9%80%9F.png,https://patchwiki.biligame.com/images/rocom/a/a8/mq3md4231cg6yk4sabniggabi60kmsf.png,小鹬|高脚鹬|鄙目鹬,https://wiki.biligame.com/rocom/%E5%B0%8F%E9%B9%AC|https://wiki.biligame.com/rocom/%E9%AB%98%E8%84%9A%E9%B9%AC|https://wiki.biligame.com/rocom/%E9%84%99%E7%9B%AE%E9%B9%AC
超级电池,每入场1次，获得双攻永久+30%。,超级电池.png,/ability-icons/%E8%B6%85%E7%BA%A7%E7%94%B5%E6%B1%A0.png,https://patchwiki.biligame.com/images/rocom/b/b6/lyf56mee7xgv1kq0g7mpmndbdbgp18d.png,波普鹿,https://wiki.biligame.com/rocom/%E6%B3%A2%E6%99%AE%E9%B9%BF
超负荷,攻击技能获得迸发：敌方获得全技能能耗+1。,超负荷.png,/ability-icons/%E8%B6%85%E8%B4%9F%E8%8D%B7.png,https://patchwiki.biligame.com/images/rocom/1/10/knuap4nz514iwpl3mqtzimvvt4f8q4d.png,小电企鹅|电企鹅,https://wiki.biligame.com/rocom/%E5%B0%8F%E7%94%B5%E4%BC%81%E9%B9%85|https://wiki.biligame.com/rocom/%E7%94%B5%E4%BC%81%E9%B9%85
身经百练,己方精灵每应对1次，自己入场时水系和武系技能威力+20%。,身经百练.png,/ability-icons/%E8%BA%AB%E7%BB%8F%E7%99%BE%E7%BB%83.png,https://patchwiki.biligame.com/images/rocom/9/92/l0hjynn4kqnqrbfdlg1yjhcj049lvkp.png,海豹战士|海豹船长,https://wiki.biligame.com/rocom/%E6%B5%B7%E8%B1%B9%E6%88%98%E5%A3%AB|https://wiki.biligame.com/rocom/%E6%B5%B7%E8%B1%B9%E8%88%B9%E9%95%BF
连续负荷,自己技能的迸发效果延长1回合。,连续负荷.png,/ability-icons/%E8%BF%9E%E7%BB%AD%E8%B4%9F%E8%8D%B7.png,https://patchwiki.biligame.com/images/rocom/d/d3/7hglkgkq6aoud1iuoolqbkphfmka2z0.png,噼啪鸟,https://wiki.biligame.com/rocom/%E5%99%BC%E5%95%AA%E9%B8%9F
逐魂鸟,能耗小于等于1的攻击技能，无法对自己造成伤害。,逐魂鸟.png,/ability-icons/%E9%80%90%E9%AD%82%E9%B8%9F.png,https://patchwiki.biligame.com/images/rocom/a/a5/34irn0ss5596ajtgpnz6x5er870jmtr.png,斑斑|斑枭,https://wiki.biligame.com/rocom/%E6%96%91%E6%96%91|https://wiki.biligame.com/rocom/%E6%96%91%E6%9E%AD
野性感官,应对成功后，下次行动先手+1。,野性感官.png,/ability-icons/%E9%87%8E%E6%80%A7%E6%84%9F%E5%AE%98.png,https://patchwiki.biligame.com/images/rocom/9/9c/9v6zruevezpiq6tq3i74y04zet0nxsb.png,松仔|松叶羊|针叶巡林,https://wiki.biligame.com/rocom/%E6%9D%BE%E4%BB%94|https://wiki.biligame.com/rocom/%E6%9D%BE%E5%8F%B6%E7%BE%8A|https://wiki.biligame.com/rocom/%E9%92%88%E5%8F%B6%E5%B7%A1%E6%9E%97
铃兰晚钟,首次入场时，失去自己一半的当前生命。,铃兰晚钟.png,/ability-icons/%E9%93%83%E5%85%B0%E6%99%9A%E9%92%9F.png,https://patchwiki.biligame.com/images/rocom/2/23/hastk67o1jebf8mvajw9wbl94seoof6.png,花怨鳗|鳗尾兽,https://wiki.biligame.com/rocom/%E8%8A%B1%E6%80%A8%E9%B3%97|https://wiki.biligame.com/rocom/%E9%B3%97%E5%B0%BE%E5%85%BD
防过载保护,每次行动后脱离。,防过载保护.png,/ability-icons/%E9%98%B2%E8%BF%87%E8%BD%BD%E4%BF%9D%E6%8A%A4.png,https://patchwiki.biligame.com/images/rocom/9/9d/ne3gqhnuu5y70zhqb1iugj5f4q8scy6.png,闪电环|荆棘电环|刺电环,https://wiki.biligame.com/rocom/%E9%97%AA%E7%94%B5%E7%8E%AF|https://wiki.biligame.com/rocom/%E8%8D%86%E6%A3%98%E7%94%B5%E7%8E%AF|https://wiki.biligame.com/rocom/%E5%88%BA%E7%94%B5%E7%8E%AF
陨落,在场时，双方回合结束时触发的效果，触发次数-1。,陨落.png,/ability-icons/%E9%99%A8%E8%90%BD.png,https://patchwiki.biligame.com/images/rocom/0/06/7iw8czxafxsevt0am1d4pl1xycctop0.png,落陨星兔,https://wiki.biligame.com/rocom/%E8%90%BD%E9%99%A8%E6%98%9F%E5%85%94
顺风,若先于敌方攻击，本次技能威力+50%。,顺风.png,/ability-icons/%E9%A1%BA%E9%A3%8E.png,https://patchwiki.biligame.com/images/rocom/4/43/8u2iqdgf02odfpo9tmlybw2w624p2ve.png,雪绒鸟（本来的样子）|雪绒鸟（春天的样子）|雪绒鸟（夏天的样子）|雪绒鸟（秋天的样子）,https://wiki.biligame.com/rocom/%E9%9B%AA%E7%BB%92%E9%B8%9F%EF%BC%88%E6%9C%AC%E6%9D%A5%E7%9A%84%E6%A0%B7%E5%AD%90%EF%BC%89|https://wiki.biligame.com/rocom/%E9%9B%AA%E7%BB%92%E9%B8%9F%EF%BC%88%E6%98%A5%E5%A4%A9%E7%9A%84%E6%A0%B7%E5%AD%90%EF%BC%89|https://wiki.biligame.com/rocom/%E9%9B%AA%E7%BB%92%E9%B8%9F%EF%BC%88%E5%A4%8F%E5%A4%A9%E7%9A%84%E6%A0%B7%E5%AD%90%EF%BC%89|https://wiki.biligame.com/rocom/%E9%9B%AA%E7%BB%92%E9%B8%9F%EF%BC%88%E7%A7%8B%E5%A4%A9%E7%9A%84%E6%A0%B7%E5%AD%90%EF%BC%89
预警,若敌方技能足够击败自己，回合开始时自己获得速度+50。,预警.png,/ability-icons/%E9%A2%84%E8%AD%A6.png,https://patchwiki.biligame.com/images/rocom/f/f4/e1978zrfb3u8r2oc8j146i2ijrm3923.png,小黑猫|黑猫巫师,https://wiki.biligame.com/rocom/%E5%B0%8F%E9%BB%91%E7%8C%AB|https://wiki.biligame.com/rocom/%E9%BB%91%E7%8C%AB%E5%B7%AB%E5%B8%88
飓风,对本精灵的技能，若其他翼系精灵携带相同技能，则获得迅捷。被敌方精灵击败时，自己额外损失1点魔力。,飓风.png,/ability-icons/%E9%A3%93%E9%A3%8E.png,https://patchwiki.biligame.com/images/rocom/b/b8/8vtwdy9jm6k3phjcartnh9bm8hflyxy.png,里奥|灵羽勇士|圣羽翼王,https://wiki.biligame.com/rocom/%E9%87%8C%E5%A5%A5|https://wiki.biligame.com/rocom/%E7%81%B5%E7%BE%BD%E5%8B%87%E5%A3%AB|https://wiki.biligame.com/rocom/%E5%9C%A3%E7%BE%BD%E7%BF%BC%E7%8E%8B
鼓气,使用能耗为3的技能时，获得攻防+20%。,鼓气.png,/ability-icons/%E9%BC%93%E6%B0%94.png,https://patchwiki.biligame.com/images/rocom/3/37/q3gug447le0776jvexbge62tauua76i.png,逗逗|气球猫|梦想三三,https://wiki.biligame.com/rocom/%E9%80%97%E9%80%97|https://wiki.biligame.com/rocom/%E6%B0%94%E7%90%83%E7%8C%AB|https://wiki.biligame.com/rocom/%E6%A2%A6%E6%83%B3%E4%B8%89%E4%B8%89
